Data,"PRESSAO ATMOSFERICA AO NIVEL DA ESTACAO, HORARIA (mB)","TEMPERATURA DO AR - BULBO SECO, HORARIA (°C)",TEMPERATURA DO PONTO DE ORVALHO (°C),"VENTO, RAJADA MAXIMA (m/s)"
2018-01-01,1008.8,27.0,23.35,2.7
2018-01-02,1007.65,26.6,23.05,4.3
2018-01-03,1007.85,25.2,23.2,3.0
2018-01-04,1009.3,26.95,23.1,4.15
2018-01-05,1010.15,25.55,23.0,2.95
2018-01-06,1009.8499999999999,24.75,23.2,2.4
2018-01-07,1009.05,25.55,21.55,3.6
2018-01-08,1008.7,25.55,22.299999999999997,3.8499999999999996
2018-01-09,1009.45,24.6,22.7,1.3
2018-01-10,1009.8499999999999,23.9,22.35,2.05
2018-01-11,1009.4,28.8,23.0,3.7
2018-01-12,1009.1,25.1,22.2,3.3
2018-01-13,1008.8499999999999,25.15,22.1,3.35
2018-01-14,1008.75,24.75,22.25,3.1
2018-01-15,1008.0999999999999,25.0,22.55,2.6
2018-01-16,1008.6,25.8,22.65,2.45
2018-01-17,1007.7,25.200000000000003,22.65,3.75
2018-01-18,1008.7,24.4,23.0,2.5999999999999996
2018-01-19,1009.6,25.35,22.25,2.85
2018-01-20,1009.0,24.9,23.200000000000003,2.25
2018-01-21,1008.25,25.1,22.85,2.3
2018-01-22,1006.95,25.799999999999997,23.5,2.85
2018-01-23,1006.45,25.75,23.3,2.9
2018-01-24,1007.0,25.25,23.2,4.1
2018-01-25,1007.5,24.700000000000003,22.35,3.3499999999999996
2018-01-26,1007.45,25.9,22.35,3.6
2018-01-27,1006.45,25.200000000000003,23.0,2.7
2018-01-28,1007.05,24.1,22.6,3.05
2018-01-29,1006.1500000000001,25.6,22.35,2.5
2018-01-30,1005.5999999999999,26.35,23.15,3.6
2018-01-31,1005.75,25.1,23.2,2.95
2018-02-01,1006.4,25.85,23.75,2.9
2018-02-02,1006.1500000000001,24.85,23.15,4.6
2018-02-03,1006.3,24.3,23.2,1.2000000000000002
2018-02-04,1007.55,23.700000000000003,22.7,2.3499999999999996
2018-02-05,1007.3499999999999,24.5,23.05,3.3
2018-02-06,1007.95,24.55,23.05,4.45
2018-02-07,1008.55,24.25,23.05,2.2
2018-02-08,1008.75,24.6,23.15,2.3
2018-02-09,1008.35,25.9,22.75,3.65
2018-02-10,1008.45,26.35,22.6,4.3
2018-02-11,1008.5,26.450000000000003,22.4,4.15
2018-02-12,1008.8,25.85,22.3,3.2
2018-02-13,1008.55,24.1,22.05,3.1500000000000004
2018-02-14,1009.7,25.8,22.6,2.45
2018-02-15,1010.1,25.15,22.35,2.6
2018-02-16,1009.7,26.35,22.5,3.55
2018-02-17,1009.4,24.65,23.35,1.7999999999999998
2018-02-18,1008.55,25.5,23.05,3.2
2018-02-19,1007.3,26.0,23.1,2.65
2018-02-20,1007.8,25.1,23.05,3.05
2018-02-21,1008.8,24.45,22.65,2.95
2018-02-22,1009.45,24.7,22.799999999999997,2.7
2018-02-23,1009.1,24.950000000000003,22.75,2.2
2018-02-24,1008.4,25.9,23.05,2.5
2018-02-25,1009.6,24.1,22.7,3.1
2018-02-26,1009.15,28.5,22.4,3.3
2018-02-27,1008.6500000000001,26.1,23.65,2.0
2018-02-28,1008.75,24.75,23.1,2.15
2018-03-01,1010.3,24.3,22.9,2.05
2018-03-02,1010.85,24.65,22.55,3.3
2018-03-03,1008.05,26.3,22.85,3.85
2018-03-04,1006.55,26.15,23.1,4.2
2018-03-05,1007.45,24.95,23.3,2.55
2018-03-06,1007.5,25.65,23.15,2.75
2018-03-07,1008.1,26.8,23.3,3.45
2018-03-08,1008.7,25.85,23.1,3.15
2018-03-09,1009.55,25.95,23.1,2.5
2018-03-10,1009.45,26.15,23.2,4.35
2018-03-11,1008.7,26.25,22.95,3.8
2018-03-12,1008.7,27.15,23.5,4.5
2018-03-13,1008.4,25.75,23.15,3.95
2018-03-14,1009.25,24.25,22.8,3.45
2018-03-15,1009.8,24.35,22.9,3.5
2018-03-16,1008.75,26.05,23.8,3.45
2018-03-17,1007.85,27.0,23.35,3.8499999999999996
2018-03-18,1007.15,26.700000000000003,23.4,3.95
2018-03-19,1007.0,26.3,23.3,3.8000000000000003
2018-03-20,1007.3,26.2,23.3,3.1
2018-03-21,1008.0,24.75,23.35,2.8
2018-03-22,1008.25,25.45,23.3,3.7
2018-03-23,1008.2,24.8,23.3,2.9
2018-03-24,1008.0,24.35,23.0,2.7
2018-03-25,1008.4,24.0,23.0,2.4
2018-03-26,1009.55,24.85,22.2,2.9
2018-03-27,1008.4,25.5,23.0,3.3
2018-03-28,1007.55,24.6,23.45,2.4
2018-03-29,1007.8499999999999,24.8,23.35,2.0999999999999996
2018-03-30,1007.45,24.05,22.85,0.7
2018-03-31,1007.6,23.95,22.9,2.55
2018-04-01,1006.95,24.75,23.3,2.1500000000000004
2018-04-02,1006.75,24.7,23.4,1.05
2018-04-03,1007.2,25.25,23.1,2.3
2018-04-04,1006.7,24.9,23.5,2.4
2018-04-05,1007.45,24.8,23.0,1.7000000000000002
2018-04-06,1007.75,25.1,23.2,1.1
2018-04-07,1009.2,24.45,22.45,2.95
2018-04-08,1009.3499999999999,24.75,22.75,2.4000000000000004
2018-04-09,1008.6,25.799999999999997,23.15,2.4000000000000004
2018-04-10,1009.7,24.3,23.0,2.5
2018-04-11,1009.5,22.85,21.6,2.6
2018-04-12,1009.6500000000001,24.8,22.45,3.3
2018-04-13,1010.4,25.700000000000003,22.25,2.55
2018-04-14,1010.45,25.9,23.25,2.9
2018-04-15,1010.9,25.799999999999997,23.1,2.75
2018-04-16,1010.4000000000001,24.5,23.3,2.15
2018-04-17,1010.6500000000001,25.9,22.3,1.7000000000000002
2018-04-18,1011.55,25.15,22.55,2.6500000000000004
2018-04-19,1011.3,26.0,23.2,2.45
2018-04-20,1010.65,25.1,22.8,2.5999999999999996
2018-04-21,1008.8499999999999,25.15,22.7,1.95
2018-04-22,1008.4,25.1,22.9,2.6500000000000004
2018-04-23,1009.1500000000001,25.0,23.4,3.2
2018-04-24,1009.75,24.1,23.0,2.3
2018-04-25,1010.2,25.6,23.4,2.8
2018-04-26,1009.25,24.9,23.05,3.35
2018-04-27,1009.45,24.45,23.0,2.25
2018-04-28,1009.5999999999999,25.049999999999997,23.15,1.75
2018-04-29,1010.3,24.6,23.2,1.4
2018-04-30,1009.8,25.450000000000003,22.8,1.8
2018-05-01,1010.65,25.25,23.45,3.05
2018-05-02,1011.1,24.75,23.4,1.8
2018-05-03,1010.2,24.049999999999997,22.6,2.85
2018-05-04,1009.5,24.5,22.950000000000003,2.8
2018-05-05,1009.8499999999999,24.9,23.0,2.0
2018-05-06,1010.2,24.95,23.3,1.85
2018-05-07,1010.4,24.45,23.3,2.05
2018-05-08,1010.05,24.65,23.05,2.9000000000000004
2018-05-09,1009.95,24.35,23.15,2.3
2018-05-10,1009.8,24.35,22.700000000000003,2.45
2018-05-11,1010.5,24.25,22.9,2.45
2018-05-12,1010.75,24.5,23.1,2.2
2018-05-13,1009.1500000000001,24.3,22.85,1.55
2018-05-14,1008.65,24.1,23.0,1.9
2018-05-15,1009.1,24.85,23.2,2.05
2018-05-16,1009.05,25.950000000000003,23.200000000000003,2.65
2018-05-17,1009.3499999999999,25.25,22.8,3.55
2018-05-18,1008.4,24.65,22.7,2.55
2018-05-19,1009.3,25.15,23.0,1.7
2018-05-20,1009.6500000000001,25.4,23.25,2.8499999999999996
2018-05-21,1008.1500000000001,25.85,23.299999999999997,4.050000000000001
2018-05-22,1009.3,25.45,23.3,2.45
2018-05-23,1010.75,24.65,23.25,1.9
2018-05-24,1011.8499999999999,24.65,23.15,1.1
2018-05-25,1010.55,25.5,22.65,3.35
2018-05-26,1009.65,24.3,23.05,1.6
2018-05-27,1010.0999999999999,25.8,23.0,2.55
2018-05-28,1010.8499999999999,24.3,22.9,2.9
2018-05-29,1010.35,25.25,22.95,2.15
2018-05-30,1010.3,25.55,23.0,3.4000000000000004
2018-05-31,1008.95,25.95,22.35,2.8
2018-06-01,1008.95,26.75,23.05,3.9
2018-06-02,1009.6,26.549999999999997,23.05,3.05
2018-06-03,1010.2,26.2,23.0,2.85
2018-06-04,1010.8499999999999,26.85,23.6,3.45
2018-06-05,1009.7,25.25,23.2,2.25
2018-06-06,1009.4,25.799999999999997,23.45,1.95
2018-06-07,1010.2,27.2,22.6,3.1
2018-06-08,1011.1500000000001,26.15,22.75,4.4
2018-06-09,1012.2,24.2,22.2,1.7
2018-06-10,1010.4,27.45,21.95,3.5999999999999996
2018-06-11,1009.35,27.2,22.45,3.55
2018-06-12,1009.8,26.3,21.7,3.7
2018-06-13,1010.6,27.0,22.85,2.4
2018-06-14,1011.25,27.55,22.65,3.9
2018-06-15,1011.8,26.05,22.299999999999997,3.9
2018-06-16,1012.6500000000001,25.4,22.6,3.8
2018-06-17,1013.45,25.0,21.9,3.7
2018-06-18,1013.7,24.55,21.799999999999997,2.5999999999999996
2018-06-19,1013.05,25.25,22.15,2.65
2018-06-20,1012.1,25.5,21.85,4.05
2018-06-21,1012.3,25.5,22.200000000000003,4.8
2018-06-22,1011.8499999999999,26.1,21.9,3.8499999999999996
2018-06-23,1010.3,26.549999999999997,22.3,4.25
2018-06-24,1009.75,27.15,23.2,3.3499999999999996
2018-06-25,1010.4,26.3,22.5,3.5
2018-06-26,1009.7,26.55,22.3,3.4
2018-06-27,1010.3499999999999,26.4,22.5,3.8499999999999996
2018-06-28,1009.5,26.1,22.3,3.75
2018-06-29,1009.2,27.25,21.9,3.2
2018-06-30,1008.8,26.7,22.7,3.3
2018-07-01,1008.7,27.15,22.5,4.0
2018-07-02,1008.55,27.25,22.2,3.5
2018-07-03,1009.1500000000001,24.55,22.25,3.3499999999999996
2018-07-04,1009.6500000000001,24.55,22.5,3.0
2018-07-05,1009.8499999999999,24.35,21.9,2.7
2018-07-06,1010.2,25.0,22.0,2.95
2018-07-07,1010.25,26.200000000000003,22.4,3.45
2018-07-08,1010.6500000000001,26.5,22.2,4.15
2018-07-09,1010.9,26.35,22.2,3.0999999999999996
2018-07-10,1011.45,25.85,22.35,3.6500000000000004
2018-07-11,1011.75,26.35,21.6,2.7
2018-07-12,1012.75,26.4,21.05,4.35
2018-07-13,1012.2,25.6,21.7,3.75
2018-07-14,1011.3499999999999,23.799999999999997,22.5,2.3
2018-07-15,1011.45,25.95,22.45,3.3
2018-07-16,1012.15,26.1,22.35,3.3
2018-07-17,1011.8,25.25,22.65,3.2
2018-07-18,1011.35,25.85,22.2,3.0
2018-07-19,1009.6,26.45,22.0,3.7
2018-07-20,1009.4000000000001,27.299999999999997,22.75,3.7
2018-07-21,1009.6,27.3,22.2,4.0
2018-07-22,1009.5,27.1,22.8,4.0
2018-07-23,1009.9,26.950000000000003,23.1,3.8499999999999996
2018-07-24,1011.4,25.5,23.3,2.9
2018-07-25,1011.7,25.9,22.3,3.35
2018-07-26,1012.05,26.6,22.15,4.35
2018-07-27,1011.6500000000001,26.2,22.35,4.25
2018-07-28,1010.75,24.65,22.95,3.9
2018-07-29,1010.1,25.65,22.8,2.85
2018-07-30,1009.9,26.0,22.5,3.8
2018-07-31,1010.25,26.9,22.1,3.3
2018-08-01,1009.8,27.15,21.8,4.300000000000001
2018-08-02,1010.2,26.15,22.75,4.199999999999999
2018-08-03,1010.4000000000001,24.85,22.65,2.3499999999999996
2018-08-04,1010.2,23.45,22.299999999999997,2.9
2018-08-05,1009.6,24.75,22.35,2.2
2018-08-06,1010.8499999999999,26.0,22.4,3.6
2018-08-07,1011.35,25.95,23.1,3.9
2018-08-08,1011.8499999999999,25.95,22.5,4.2
2018-08-09,1012.55,24.15,22.1,3.45
2018-08-10,1011.75,23.4,21.95,2.95
2018-08-11,1012.05,25.3,22.55,3.25
2018-08-12,1012.1500000000001,27.299999999999997,21.95,3.3499999999999996
2018-08-13,1010.6,27.200000000000003,21.65,4.2
2018-08-14,1009.7,27.5,21.1,4.5
2018-08-15,1010.6500000000001,25.7,21.4,3.9499999999999997
2018-08-16,1012.7,24.799999999999997,22.6,2.4
2018-08-17,1013.7,25.45,22.4,3.15
2018-08-18,1012.8,24.8,22.35,3.4
2018-08-19,1011.8499999999999,25.950000000000003,22.15,2.75
2018-08-20,1012.0999999999999,26.6,21.8,3.75
2018-08-21,1012.0,26.2,22.05,4.0
2018-08-22,1011.8499999999999,26.4,22.05,3.75
2018-08-23,1010.5,25.450000000000003,22.1,3.8
2018-08-24,1010.75,24.6,22.35,3.55
2018-08-25,1011.5,24.25,22.25,2.75
2018-08-26,1011.35,26.15,22.8,3.05
2018-08-27,1009.75,26.700000000000003,22.65,4.35
2018-08-28,1010.7,26.35,22.5,3.7
2018-08-29,1010.95,25.6,22.4,3.65
2018-08-30,1009.3499999999999,26.049999999999997,22.3,3.7
2018-08-31,1008.8,26.0,22.6,3.7
2018-09-01,1008.95,27.15,22.1,3.55
2018-09-02,1008.8499999999999,26.4,22.55,3.95
2018-09-03,1009.1500000000001,26.2,22.55,3.4
2018-09-04,1007.9,25.1,22.5,3.5
2018-09-05,1009.05,25.85,22.5,
2018-09-06,1009.9,24.35,22.5,3.4
2018-09-07,1009.7,25.5,23.0,3.1500000000000004
2018-09-08,1009.3499999999999,25.25,22.9,3.5
2018-09-09,1008.7,25.85,23.2,2.8499999999999996
2018-09-10,1008.6500000000001,26.5,22.45,3.1
2018-09-11,1008.8,27.1,22.6,3.7
2018-09-12,1008.6500000000001,27.200000000000003,22.8,3.15
2018-09-13,1008.6,27.65,21.65,4.25
2018-09-14,1008.6500000000001,28.6,21.35,5.6
2018-09-15,1007.35,27.5,21.85,4.5
2018-09-16,1007.9,26.25,21.8,4.4
2018-09-17,1008.1,27.049999999999997,22.45,4.699999999999999
2018-09-18,1008.2,26.5,22.75,4.65
2018-09-19,1009.25,25.2,22.6,3.75
2018-09-20,1008.95,27.25,22.0,3.6
2018-09-21,1008.3,27.4,22.0,4.8
2018-09-22,1007.7,26.75,22.5,3.9
2018-09-23,1007.85,25.8,22.75,4.2
2018-09-24,1008.75,25.75,23.200000000000003,3.2
2018-09-25,1008.0,27.15,22.95,3.6
2018-09-26,1007.3499999999999,27.3,22.15,3.8499999999999996
2018-09-27,1007.8,26.9,21.8,4.05
2018-09-28,1008.25,27.0,22.15,4.3
2018-09-29,1008.45,27.35,22.25,4.5
2018-09-30,1008.0999999999999,26.85,21.85,5.05
2018-10-01,1008.3499999999999,26.35,22.6,3.8499999999999996
2018-10-02,1008.3,26.299999999999997,22.0,3.8499999999999996
2018-10-03,1008.45,25.7,22.7,4.05
2018-10-04,1008.75,27.25,22.2,3.7
2018-10-05,1008.35,27.450000000000003,22.15,4.55
2018-10-06,1008.5,26.25,22.3,4.199999999999999
2018-10-07,1009.15,25.55,22.65,3.4
2018-10-08,1009.05,26.9,22.65,3.85
2018-10-09,1008.6500000000001,27.450000000000003,22.4,3.95
2018-10-10,1007.2,27.45,22.35,4.75
2018-10-11,1007.8,28.2,22.15,3.9499999999999997
2018-10-12,1008.8,28.05,22.0,4.3
2018-10-13,1009.6500000000001,27.65,22.0,4.9
2018-10-14,1009.3,25.35,22.25,4.15
2018-10-15,1008.4,27.4,22.6,3.8
2018-10-16,1007.55,25.4,22.7,3.3
2018-10-17,1007.75,25.6,23.6,2.7
2018-10-18,1006.8,26.65,23.55,3.0999999999999996
2018-10-19,1006.05,27.549999999999997,22.25,3.95
2018-10-20,1005.8499999999999,27.6,22.35,4.65
2018-10-21,1006.3499999999999,27.9,22.5,4.800000000000001
2018-10-22,1006.9,28.3,22.4,4.7
2018-10-23,1007.4,27.15,22.05,4.85
2018-10-24,1008.05,28.3,22.95,4.55
2018-10-25,1007.5,27.799999999999997,23.1,4.45
2018-10-26,1007.45,26.1,23.2,4.8
2018-10-27,1007.1500000000001,27.35,23.15,3.75
2018-10-28,1007.8,27.950000000000003,22.5,4.3
2018-10-29,1007.95,27.6,22.75,4.3
2018-10-30,1008.25,26.700000000000003,23.1,4.699999999999999
2018-10-31,1008.4,26.8,23.1,3.9
2018-11-01,1008.3,26.9,22.7,3.9499999999999997
2018-11-02,1007.3,25.5,22.7,3.8
2018-11-03,1006.55,27.299999999999997,22.9,3.5
2018-11-04,1006.95,26.85,22.75,3.8
2018-11-05,1006.8,26.700000000000003,23.1,3.75
2018-11-06,1006.1500000000001,25.75,23.5,3.1500000000000004
2018-11-07,1006.6500000000001,25.55,23.0,2.8499999999999996
2018-11-08,1007.2,26.9,22.3,4.0
2018-11-09,1007.4000000000001,28.1,22.25,4.3
2018-11-10,1006.25,26.85,22.85,4.25
2018-11-11,1006.1,27.7,23.0,4.05
2018-11-12,1007.05,27.85,22.7,3.95
2018-11-13,1006.95,27.8,22.5,4.95
2018-11-14,1006.75,28.450000000000003,23.25,4.8
2018-11-15,1006.5,28.2,23.05,4.35
2018-11-16,1007.95,27.55,21.65,4.65
2018-11-17,1007.4,28.6,21.85,4.75
2018-11-18,1007.45,28.200000000000003,22.8,4.85
2018-11-19,1007.2,27.6,22.85,4.699999999999999
2018-11-20,1007.3499999999999,27.7,23.0,4.15
2018-11-21,1008.0,27.1,22.8,4.3
2018-11-22,1007.9000000000001,26.200000000000003,23.2,4.199999999999999
2018-11-23,1007.6500000000001,27.35,23.2,3.05
2018-11-24,1007.55,27.25,23.0,3.6
2018-11-25,1006.95,27.65,23.2,4.1
2018-11-26,1006.35,26.35,23.2,4.25
2018-11-27,1006.5,25.0,23.5,3.0
2018-11-28,1005.75,25.95,23.5,2.6
2018-11-29,1006.95,24.9,23.7,1.9500000000000002
2018-11-30,1008.9,24.15,22.75,2.3
2018-12-01,1007.9000000000001,24.200000000000003,23.0,1.25
2018-12-02,1007.45,24.95,23.5,1.85
2018-12-03,1006.6,25.85,23.75,1.9
2018-12-04,1007.25,24.7,23.2,2.05
2018-12-05,1007.8,25.200000000000003,23.05,2.1500000000000004
2018-12-06,1009.5,24.55,22.8,2.5
2018-12-07,1010.0,25.0,23.3,2.25
2018-12-08,1010.2,25.55,23.299999999999997,2.5
2018-12-09,1010.4,24.8,23.35,1.55
2018-12-10,1011.7,24.75,23.5,1.35
2018-12-11,1011.6500000000001,24.75,23.15,2.95
2018-12-12,1010.05,25.85,23.0,2.7
2018-12-13,1009.5999999999999,24.3,22.7,3.5
2018-12-14,1010.6,24.15,22.95,2.2
2018-12-15,1012.45,23.9,22.65,2.3
2018-12-16,1011.6,23.95,22.6,2.4
2018-12-17,1010.8,24.95,22.5,2.2
2018-12-18,1010.35,24.6,23.15,2.55
2018-12-19,1009.25,24.95,22.700000000000003,2.6500000000000004
2018-12-20,1008.3,24.700000000000003,23.3,1.4500000000000002
2018-12-21,1007.8,25.450000000000003,23.45,2.95
2018-12-22,1008.35,25.05,23.4,2.25
2018-12-23,1009.05,23.9,22.55,2.0
2018-12-24,1008.8499999999999,23.9,22.85,2.8
2018-12-25,1008.3,24.5,22.7,2.2
2018-12-26,1008.25,26.299999999999997,22.450000000000003,2.8
2018-12-27,1007.15,27.4,22.4,3.5
2018-12-28,1007.75,25.95,22.8,4.699999999999999
2018-12-29,1008.1500000000001,25.700000000000003,23.15,2.95
2018-12-30,1008.3,25.65,23.0,3.15
2018-12-31,1008.35,24.4,23.25,2.25
2019-01-01,1009.3,25.5,22.9,1.9500000000000002
2019-01-02,1009.45,25.549999999999997,23.3,2.75
2019-01-03,1008.85,26.8,23.1,4.0
2019-01-04,1009.0,27.65,23.35,3.9
2019-01-05,1008.8,25.65,23.7,3.7
2019-01-06,1009.2,25.35,23.7,2.55
2019-01-07,1009.2,25.0,23.5,2.8
2019-01-08,1009.0,24.0,22.55,2.6
2019-01-09,1008.1,25.35,22.45,3.45
2019-01-10,1008.6,25.3,22.4,4.0
2019-01-11,1009.9,23.85,22.15,2.75
2019-01-12,1009.1,24.9,22.4,3.0
2019-01-13,1009.2,25.5,22.65,2.3
2019-01-14,1009.7,25.4,23.0,3.0
2019-01-15,1010.55,24.5,23.0,2.45
2019-01-16,1010.7,25.15,22.65,3.1500000000000004
2019-01-17,1009.9,25.9,23.15,3.3
2019-01-18,1009.3499999999999,25.25,23.65,2.75
2019-01-19,1009.3,24.85,23.45,2.0
2019-01-20,1009.65,24.6,23.15,2.45
2019-01-21,1009.8,25.05,23.35,2.5
2019-01-22,1010.1500000000001,25.45,23.8,3.5
2019-01-23,1010.25,25.950000000000003,23.2,4.15
2019-01-24,1009.85,25.25,23.15,3.75
2019-01-25,1009.8,25.7,23.2,3.3
2019-01-26,1010.3499999999999,25.3,22.95,2.75
2019-01-27,1009.4,26.25,23.1,2.7
2019-01-28,1008.8,25.1,23.8,2.2
2019-01-29,1008.9,24.65,23.5,1.6
2019-01-30,1008.55,24.85,23.4,4.199999999999999
2019-01-31,1008.8,26.950000000000003,23.65,3.3499999999999996
2019-02-01,1008.95,26.9,23.4,4.4
2019-02-02,1009.3499999999999,26.0,22.55,3.65
2019-02-03,1009.5,25.9,22.95,3.9
2019-02-04,1008.6,25.6,23.15,2.5999999999999996
2019-02-05,1008.1500000000001,25.299999999999997,23.299999999999997,2.3499999999999996
2019-02-06,1008.3,25.45,23.6,3.0999999999999996
2019-02-07,1007.3499999999999,25.25,23.7,2.8
2019-02-08,1007.1500000000001,25.45,23.65,3.75
2019-02-09,1007.1500000000001,24.6,23.2,2.3
2019-02-10,1007.7,25.95,24.1,2.3
2019-02-11,1007.95,26.3,24.200000000000003,2.6
2019-02-12,1008.5,27.2,24.95,3.9000000000000004
2019-02-13,1009.2,26.8,24.65,2.85
2019-02-14,1009.5,23.299999999999997,22.15,2.1
2019-02-15,1009.95,24.75,22.95,2.8499999999999996
2019-02-16,1009.2,27.1,23.2,4.8
2019-02-17,1009.3499999999999,25.95,23.700000000000003,3.1500000000000004
2019-02-18,1010.1500000000001,26.2,24.85,2.3499999999999996
2019-02-19,1009.7,25.65,23.7,2.7
2019-02-20,1008.45,26.700000000000003,24.2,4.05
2019-02-21,1008.7,26.05,24.5,3.45
2019-02-22,1010.3,25.1,23.5,2.85
2019-02-23,1009.2,26.450000000000003,23.6,3.55
2019-02-24,1008.9,25.4,23.35,3.9
2019-02-25,1008.8,24.700000000000003,22.950000000000003,2.7
2019-02-26,1009.3,24.299999999999997,22.7,3.2
2019-02-27,1010.0,24.5,22.85,1.95
2019-02-28,1010.55,25.6,23.0,3.4000000000000004
2019-03-01,1011.5,24.85,22.4,2.7
2019-03-02,1011.05,25.2,22.85,2.6
2019-03-03,1010.25,25.4,23.15,3.75
2019-03-04,1010.0,25.65,22.7,4.1
2019-03-05,1010.6,25.35,23.2,2.6500000000000004
2019-03-06,1010.8499999999999,24.9,23.4,2.6500000000000004
2019-03-07,1011.55,24.7,23.05,3.05
2019-03-08,1010.0999999999999,25.4,23.4,2.3499999999999996
2019-03-09,1008.8499999999999,25.4,23.4,2.6
2019-03-10,1008.7,25.25,23.2,3.8
2019-03-11,1007.95,24.35,23.05,2.5
2019-03-12,1008.5,24.85,23.45,2.55
2019-03-13,1009.6,25.15,23.45,2.75
2019-03-14,1009.3499999999999,24.9,23.4,2.1500000000000004
2019-03-15,1008.5,26.35,23.85,3.5
2019-03-16,1008.75,26.799999999999997,23.35,4.800000000000001
2019-03-17,1009.15,26.299999999999997,23.2,2.75
2019-03-18,1009.2,25.2,23.8,2.75
2019-03-19,1008.05,24.85,23.5,2.55
2019-03-20,1008.1,24.799999999999997,23.25,3.05
2019-03-21,1009.0999999999999,24.85,23.7,2.4
2019-03-22,1009.5,24.9,23.55,1.7
2019-03-23,1010.6500000000001,25.15,23.5,3.45
2019-03-24,1010.3499999999999,25.15,23.15,3.5
2019-03-25,1009.25,24.5,22.9,2.8
2019-03-26,1009.1,24.1,22.95,2.75
2019-03-27,1009.5,24.45,23.2,2.55
2019-03-28,1009.5,24.85,23.5,2.5999999999999996
2019-03-29,1009.8,25.4,23.35,3.2
2019-03-30,1009.8,25.55,23.799999999999997,2.9000000000000004
2019-03-31,1009.7,25.2,23.55,4.4
2019-04-01,1009.5,24.9,23.7,1.95
2019-04-02,1008.95,25.6,23.65,2.5
2019-04-03,1008.65,26.299999999999997,23.85,3.55
2019-04-04,1008.8,24.65,23.4,4.0
2019-04-05,1010.2,24.85,23.15,2.0
2019-04-06,1010.5,25.3,23.45,3.45
2019-04-07,1010.65,24.85,23.15,2.4
2019-04-08,1009.4,25.65,23.85,2.6
2019-04-09,1009.1,25.4,23.95,2.6500000000000004
2019-04-10,1009.3499999999999,25.95,23.7,2.7
2019-04-11,1009.3,25.5,23.7,2.55
2019-04-12,1009.5,25.65,23.9,2.8
2019-04-13,1008.75,25.799999999999997,23.85,2.25
2019-04-14,1008.95,24.799999999999997,23.4,2.1
2019-04-15,1008.9,25.45,23.4,2.25
2019-04-16,1009.2,25.4,23.65,2.6
2019-04-17,1008.75,26.0,23.4,2.5
2019-04-18,1007.9,26.1,23.799999999999997,2.5
2019-04-19,1008.75,26.65,24.05,3.25
2019-04-20,1009.0,25.700000000000003,23.55,3.8
2019-04-21,1008.7,25.05,23.3,2.6
2019-04-22,1008.0,25.4,24.15,1.65
2019-04-23,1008.8,25.4,23.8,1.85
2019-04-24,1009.1,25.65,23.6,2.7
2019-04-25,1009.45,24.9,23.45,1.5
2019-04-26,1010.0,27.200000000000003,23.6,2.9
2019-04-27,1009.1500000000001,26.35,23.85,3.6
2019-04-28,1009.6500000000001,26.200000000000003,23.45,2.9
2019-04-29,1009.0999999999999,25.95,23.6,3.5
2019-04-30,1010.0,25.9,23.8,1.85
2019-05-01,1009.3499999999999,26.0,23.8,3.0
2019-05-02,1008.7,25.95,24.05,2.5
2019-05-03,1008.35,26.75,23.85,2.85
2019-05-04,1008.2,26.35,23.75,3.25
2019-05-05,1008.25,25.95,23.65,3.3499999999999996
2019-05-06,1009.3499999999999,25.0,23.2,3.3
2019-05-07,1009.55,24.9,23.55,2.95
2019-05-08,1009.0999999999999,26.75,22.85,3.1500000000000004
2019-05-09,1007.85,25.15,23.55,2.9
2019-05-10,1006.95,24.9,23.5,2.75
2019-05-11,1006.9,24.9,23.75,2.75
2019-05-12,1009.05,24.9,23.45,2.65
2019-05-13,1009.65,25.35,23.65,1.9
2019-05-14,1010.0,27.049999999999997,24.05,2.55
2019-05-15,1009.1,26.5,23.6,2.8
2019-05-16,1009.3,25.5,23.7,1.4
2019-05-17,1009.4,25.299999999999997,23.75,2.95
2019-05-18,1008.75,25.5,23.4,2.3499999999999996
2019-05-19,1008.4,25.9,23.55,2.7
2019-05-20,1008.2,25.15,23.4,2.7
2019-05-21,1008.6,25.75,23.2,2.3499999999999996
2019-05-22,1008.8499999999999,24.95,23.2,2.1500000000000004
2019-05-23,1008.85,26.6,22.6,3.25
2019-05-24,1008.95,26.65,23.25,3.55
2019-05-25,1009.1500000000001,26.4,23.5,3.9
2019-05-26,1009.0,25.2,23.6,2.1
2019-05-27,1009.25,25.4,23.8,2.4
2019-05-28,1009.1,24.5,23.05,2.25
2019-05-29,1009.1500000000001,25.5,23.25,2.7
2019-05-30,1008.7,25.3,23.4,2.15
2019-05-31,1008.75,26.35,23.45,2.05
2019-06-01,1008.95,25.5,23.7,2.85
2019-06-02,1008.95,25.15,23.05,2.4000000000000004
2019-06-03,1010.75,25.700000000000003,23.05,1.85
2019-06-04,1011.75,25.85,23.1,2.1
2019-06-05,1010.4,25.75,23.1,3.1
2019-06-06,1010.05,26.1,23.0,4.0
2019-06-07,1009.5,24.85,23.4,3.15
2019-06-08,1010.0,26.65,23.15,3.45
2019-06-09,1010.8,26.4,23.299999999999997,3.75
2019-06-10,1010.8,26.200000000000003,23.15,3.75
2019-06-11,1010.2,24.3,22.95,3.75
2019-06-12,1010.05,26.0,23.1,3.05
2019-06-13,1010.45,26.05,23.15,3.75
2019-06-14,1010.8,25.85,23.55,3.35
2019-06-15,1010.3,25.2,23.25,3.5
2019-06-16,1010.9,26.35,22.5,3.6
2019-06-17,1011.2,26.0,23.2,3.9499999999999997
2019-06-18,1011.6500000000001,26.15,23.3,4.0
2019-06-19,1011.7,26.05,23.05,4.05
2019-06-20,1011.55,27.450000000000003,22.450000000000003,3.05
2019-06-21,1011.9,27.25,22.65,3.9000000000000004
2019-06-22,1013.1500000000001,24.6,22.8,3.3
2019-06-23,1012.6,25.1,22.55,2.4000000000000004
2019-06-24,1010.3,24.8,22.2,3.5
2019-06-25,1009.45,25.2,22.9,4.05
2019-06-26,1010.2,26.1,22.5,3.0
2019-06-27,1010.4,27.65,22.8,4.0
2019-06-28,1009.4,27.200000000000003,23.15,3.8
2019-06-29,1008.8,27.0,23.1,3.1
2019-06-30,1009.05,26.0,22.45,3.4000000000000004
2019-07-01,1008.75,26.75,22.3,2.05
2019-07-02,1007.95,27.4,23.1,3.6500000000000004
2019-07-03,1008.6500000000001,25.5,22.3,2.9000000000000004
2019-07-04,1008.95,25.450000000000003,22.65,3.05
2019-07-05,1011.0,26.65,23.1,3.3499999999999996
2019-07-06,1011.45,27.9,23.05,3.9
2019-07-07,1011.6500000000001,26.5,22.95,4.1
2019-07-08,1012.3,26.15,22.5,3.5
2019-07-09,1012.4,26.299999999999997,22.4,2.9
2019-07-10,1011.6500000000001,26.2,22.3,3.65
2019-07-11,1010.0,25.45,22.6,3.15
2019-07-12,1010.0,25.049999999999997,22.4,3.6
2019-07-13,1010.55,24.45,22.7,3.0999999999999996
2019-07-14,1009.55,26.0,22.6,3.45
2019-07-15,1009.4,26.8,22.3,3.85
2019-07-16,1010.3,25.95,22.25,3.7
2019-07-17,1011.5,23.65,22.05,3.0
2019-07-18,1012.05,23.45,22.05,2.95
2019-07-19,1011.8,25.299999999999997,21.9,2.75
2019-07-20,1010.9,26.25,22.0,2.8
2019-07-21,1010.9000000000001,24.45,21.85,4.5
2019-07-22,1010.55,25.75,21.9,2.95
2019-07-23,1010.3,27.5,22.6,3.5
2019-07-24,1010.35,27.25,22.35,3.5999999999999996
2019-07-25,1009.5,26.9,22.299999999999997,2.75
2019-07-26,1010.6500000000001,27.05,22.3,3.6
2019-07-27,1011.4,26.3,22.65,3.5
2019-07-28,1011.1500000000001,25.5,22.8,3.25
2019-07-29,1010.7,26.35,22.6,2.8
2019-07-30,1010.65,25.2,22.9,2.9
2019-07-31,1010.35,27.25,22.8,2.3499999999999996
2019-08-01,1009.1,26.700000000000003,22.65,0.2
2019-08-02,1009.6500000000001,26.45,22.75,0.2
2019-08-03,1010.5,27.5,22.75,0.05
2019-08-04,1010.8,26.549999999999997,23.3,0.1
2019-08-05,1012.25,25.05,22.6,0.0
2019-08-06,1012.9,24.45,22.1,0.5
2019-08-07,1013.6,27.6,21.7,1.9
2019-08-08,1012.85,26.450000000000003,22.25,0.1
2019-08-09,1011.9,27.25,21.7,0.4
2019-08-10,1011.75,27.65,22.5,0.5
2019-08-11,1012.3,27.4,22.8,0.3
2019-08-12,1009.95,29.1,22.4,0.6
2019-08-13,1009.6,27.55,23.15,0.2
2019-08-14,1010.6,26.6,23.0,0.55
2019-08-15,1011.05,24.0,22.5,0.35
2019-08-16,1010.8499999999999,26.9,22.4,0.30000000000000004
2019-08-17,1011.2,27.3,22.5,0.6
2019-08-18,1010.65,27.65,22.15,0.4
2019-08-19,1010.8499999999999,26.75,22.6,0.25
2019-08-20,1011.5,25.8,22.35,0.55
2019-08-21,1011.95,25.65,22.8,1.05
2019-08-22,1011.85,24.65,22.4,0.0
2019-08-23,1012.15,24.549999999999997,22.1,0.0
2019-08-24,1011.75,27.0,22.2,0.0
2019-08-25,1011.75,27.35,22.5,0.0
2019-08-26,1011.05,26.4,22.6,0.0
2019-08-27,1011.25,26.65,22.6,0.0
2019-08-28,1010.85,27.1,22.4,0.0
2019-08-29,1010.4,26.55,22.85,0.0
2019-08-30,1010.55,25.6,22.7,0.0
2019-08-31,1010.2,25.9,22.55,0.0
2019-09-01,1009.2,25.6,22.5,0.0
2019-09-02,1008.95,25.9,22.9,0.0
2019-09-03,1008.5,28.2,23.15,0.0
2019-09-04,1010.0,27.549999999999997,22.3,0.0
2019-09-05,1011.3,27.5,21.5,0.1
2019-09-06,1010.2,27.4,22.2,5.2
2019-09-07,1011.45,24.549999999999997,22.5,2.45
2019-09-08,1012.3,24.65,22.9,2.85
2019-09-09,1011.7,25.5,22.9,4.199999999999999
2019-09-10,1010.55,27.299999999999997,22.7,3.8499999999999996
2019-09-11,1008.6500000000001,28.049999999999997,22.4,5.15
2019-09-12,1008.8,27.5,22.2,4.8
2019-09-13,1009.35,26.45,22.45,4.75
2019-09-14,1009.2,25.700000000000003,23.15,3.75
2019-09-15,1008.95,26.9,23.05,3.9499999999999997
2019-09-16,1008.55,25.75,22.5,3.75
2019-09-17,1008.3,25.1,22.9,3.45
2019-09-18,1007.1,27.7,22.95,4.4
2019-09-19,1007.9,25.8,21.9,3.7
2019-09-20,1008.45,26.15,21.95,4.05
2019-09-21,1008.75,27.35,22.6,4.65
2019-09-22,1008.45,27.950000000000003,22.25,5.050000000000001
2019-09-23,1009.8,27.950000000000003,22.65,5.65
2019-09-24,1011.05,25.85,22.2,4.55
2019-09-25,1010.6,25.15,22.700000000000003,2.75
2019-09-26,1010.25,27.1,22.8,3.3
2019-09-27,1009.7,26.15,22.9,4.75
2019-09-28,1009.45,27.950000000000003,22.3,4.95
2019-09-29,1008.95,28.15,22.45,4.65
2019-09-30,1007.75,28.299999999999997,22.35,3.8499999999999996
2019-10-01,1006.8,27.0,22.1,4.75
2019-10-02,1007.5999999999999,27.15,22.2,3.5
2019-10-03,1009.05,25.4,22.0,4.15
2019-10-04,1009.05,27.549999999999997,22.2,4.25
2019-10-05,1008.4,27.6,22.0,4.4
2019-10-06,1007.8499999999999,26.5,22.8,4.2
2019-10-07,1008.55,28.15,22.5,4.199999999999999
2019-10-08,1007.25,25.75,22.3,3.9499999999999997
2019-10-09,1007.75,27.75,22.1,3.75
2019-10-10,1007.3,27.0,21.1,4.8
2019-10-11,1007.9,25.950000000000003,22.0,4.55
2019-10-12,1008.25,27.4,22.1,4.35
2019-10-13,1007.5,26.45,22.5,4.1
2019-10-14,1007.75,25.95,22.95,3.3499999999999996
2019-10-15,1008.9,26.7,22.3,4.6
2019-10-16,1008.75,25.3,22.85,4.3
2019-10-17,1009.4,24.5,23.0,2.15
2019-10-18,1009.1,25.4,22.799999999999997,2.95
2019-10-19,1008.6500000000001,25.25,22.450000000000003,2.6
2019-10-20,1008.05,27.299999999999997,22.75,4.3
2019-10-21,1007.6500000000001,27.8,22.6,4.15
2019-10-22,1008.25,26.700000000000003,23.05,3.5999999999999996
2019-10-23,1008.05,24.6,23.15,2.6
2019-10-24,1007.3,27.950000000000003,23.049999999999997,3.95
2019-10-25,1007.6,26.45,22.8,3.75
2019-10-26,1008.6,27.25,22.65,3.6500000000000004
2019-10-27,1008.7,28.3,22.95,3.7
2019-10-28,1007.25,26.3,22.4,4.35
2019-10-29,1006.75,26.1,22.7,3.4
2019-10-30,1007.1500000000001,25.55,22.5,3.35
2019-10-31,1008.3499999999999,27.549999999999997,22.75,3.75
2019-11-01,1008.3499999999999,26.299999999999997,22.4,4.25
2019-11-02,1007.0,27.95,22.8,3.8
2019-11-03,1007.0,26.4,22.7,4.199999999999999
2019-11-04,1007.2,27.200000000000003,22.9,3.5
2019-11-05,1007.3,28.1,22.1,4.9
2019-11-06,1007.2,27.25,22.8,4.2
2019-11-07,1006.3,26.15,22.85,3.95
2019-11-08,1005.8499999999999,24.85,23.15,2.9000000000000004
2019-11-09,1006.45,25.3,23.4,2.5
2019-11-10,1006.75,26.05,23.0,2.75
2019-11-11,1006.4,27.05,23.35,3.5
2019-11-12,1006.15,28.0,22.7,4.35
2019-11-13,1006.65,26.4,22.700000000000003,4.25
2019-11-14,1007.25,26.4,23.299999999999997,2.8499999999999996
2019-11-15,1007.05,28.200000000000003,22.75,3.8
2019-11-16,1005.2,25.9,22.4,4.35
2019-11-17,1005.3499999999999,25.65,22.9,3.25
2019-11-18,1007.0,26.55,23.2,3.05
2019-11-19,1007.75,26.25,23.25,3.4000000000000004
2019-11-20,1007.5,27.15,22.95,3.8
2019-11-21,1007.25,25.5,22.85,3.25
2019-11-22,1007.65,24.45,22.7,2.75
2019-11-23,1008.0,27.799999999999997,22.4,3.4
2019-11-24,1007.5,27.1,23.35,4.1
2019-11-25,1007.1,28.0,23.6,4.199999999999999
2019-11-26,1006.65,28.0,22.8,4.35
2019-11-27,1006.55,28.2,22.7,4.25
2019-11-28,1006.75,27.05,22.6,4.25
2019-11-29,1006.6,28.05,23.05,4.6
2019-11-30,1007.3499999999999,27.95,23.0,4.4
2019-12-01,1008.2,27.95,22.8,4.449999999999999
2019-12-02,1007.95,28.25,22.8,4.550000000000001
2019-12-03,1007.2,26.85,23.2,4.25
2019-12-04,1007.85,26.5,23.5,3.8
2019-12-05,1008.6,27.4,22.8,3.8
2019-12-06,1008.45,28.1,22.55,4.2
2019-12-07,1007.4,27.2,22.7,4.9
2019-12-08,1007.55,27.200000000000003,22.9,4.15
2019-12-09,1007.8,26.3,22.8,4.1
2019-12-10,1007.55,26.0,23.1,4.2
2019-12-11,1007.05,25.1,23.1,3.05
2019-12-12,1005.95,25.0,22.9,4.0
2019-12-13,1006.4,25.4,22.9,2.5
2019-12-14,1006.8,25.65,23.55,2.65
2019-12-15,1007.6,25.1,23.75,3.0
2019-12-16,1007.4000000000001,25.3,23.85,2.95
2019-12-17,1006.65,25.5,22.8,3.1500000000000004
2019-12-18,1007.3499999999999,27.0,23.15,3.7
2019-12-19,1007.25,26.05,23.15,3.6500000000000004
2019-12-20,1007.0,25.6,23.1,3.05
2019-12-21,1006.7,24.799999999999997,23.4,3.1
2019-12-22,1006.85,25.65,23.4,3.55
2019-12-23,1006.75,26.65,23.75,2.8499999999999996
2019-12-24,1006.7,27.2,23.2,3.65
2019-12-25,1006.35,27.2,23.5,3.2
2019-12-26,1007.25,26.4,23.7,3.9499999999999997
2019-12-27,1007.6,25.200000000000003,23.9,2.15
2019-12-28,1006.8,26.65,24.0,3.2
2019-12-29,1006.55,25.85,23.6,2.7
2019-12-30,1006.25,25.7,23.85,2.4
2019-12-31,1007.95,24.549999999999997,22.8,3.55
2020-01-01,1008.4,23.9,22.5,2.3
2020-01-02,1008.4,23.9,22.8,2.4
2020-01-03,1009.5,24.700000000000003,23.05,2.05
2020-01-04,1009.8,24.9,23.4,2.6
2020-01-05,1009.2,24.9,23.0,2.9
2020-01-06,1009.3,24.7,23.4,2.45
2020-01-07,1010.3,23.4,22.1,3.3
2020-01-08,1009.45,28.1,23.2,5.15
2020-01-09,1009.45,25.6,23.25,2.65
2020-01-10,1009.15,26.65,23.3,4.6
2020-01-11,1008.9,25.950000000000003,23.05,4.65
2020-01-12,1009.85,24.299999999999997,22.2,3.3499999999999996
2020-01-13,1009.4,25.2,22.8,3.2
2020-01-14,1008.6500000000001,25.200000000000003,23.4,1.9
2020-01-15,1008.1500000000001,25.5,23.0,2.2
2020-01-16,1008.6500000000001,26.15,23.65,2.75
2020-01-17,1009.8,25.0,23.5,2.2
2020-01-18,1009.5999999999999,26.1,23.7,2.0
2020-01-19,1009.25,25.75,23.6,3.95
2020-01-20,1008.3,25.799999999999997,22.35,3.5
2020-01-21,1007.9,26.35,22.85,4.6
2020-01-22,1007.45,26.200000000000003,22.9,3.15
2020-01-23,1008.05,26.1,22.9,3.75
2020-01-24,1008.1,25.95,23.9,3.0
2020-01-25,1008.55,26.1,24.299999999999997,2.55
2020-01-26,1009.05,26.25,23.85,2.85
2020-01-27,1010.05,25.2,23.45,2.95
2020-01-28,1009.2,25.0,23.4,2.3
2020-01-29,1009.2,24.45,23.0,3.2
2020-01-30,1009.7,24.049999999999997,22.6,2.4
2020-01-31,1010.5,25.0,22.5,4.0
2020-02-01,1010.8499999999999,25.45,23.200000000000003,3.25
2020-02-02,1009.45,26.75,23.7,3.65
2020-02-03,1010.0,25.6,23.55,3.75
2020-02-04,1010.25,25.1,23.2,3.35
2020-02-05,1010.3499999999999,24.75,22.8,3.0
2020-02-06,1009.85,24.2,22.5,4.1
2020-02-07,1008.45,24.2,22.8,3.6
2020-02-08,1009.1,24.0,22.7,2.7
2020-02-09,1010.45,24.8,22.75,2.6
2020-02-10,1010.65,25.5,23.9,2.75
2020-02-11,1009.4,25.7,23.7,3.4
2020-02-12,1008.6,25.3,23.700000000000003,3.55
2020-02-13,1008.35,25.75,23.9,2.75
2020-02-14,1008.6,25.65,23.5,2.3
2020-02-15,1008.8499999999999,24.7,23.0,2.35
2020-02-16,1008.6,25.55,23.0,2.7
2020-02-17,1008.3499999999999,24.95,23.55,2.45
2020-02-18,1008.2,24.8,23.6,3.4
2020-02-19,1007.55,24.55,23.2,1.95
2020-02-20,1007.4,24.7,23.45,2.0
2020-02-21,1008.7,24.85,22.799999999999997,1.75
2020-02-22,1009.75,25.200000000000003,23.15,2.25
2020-02-23,1009.8499999999999,27.45,23.4,3.75
2020-02-24,1008.3499999999999,27.0,23.9,3.8499999999999996
2020-02-25,1008.1,25.75,24.15,2.5
2020-02-26,1008.2,25.55,24.25,1.7
2020-02-27,1009.3499999999999,25.4,22.95,4.35
2020-02-28,1010.1,25.25,23.299999999999997,3.25
2020-02-29,1010.9,24.05,22.7,2.6500000000000004
2020-03-01,1010.3,26.3,23.4,3.55
2020-03-02,1009.2,25.75,23.4,3.55
2020-03-03,1009.55,25.0,23.45,0.75
2020-03-04,1011.05,24.5,22.55,2.8499999999999996
2020-03-05,1010.95,26.95,22.35,4.15
2020-03-06,1010.0,26.0,23.6,2.95
2020-03-07,1008.75,24.5,23.3,2.55
2020-03-08,1008.6,24.4,23.2,2.6
2020-03-09,1010.2,24.7,23.3,2.7
2020-03-10,1011.3,24.3,22.9,2.3
2020-03-11,1009.6,,,2.0
2020-03-12,,,,
2020-03-13,,,,
2020-03-14,,,,
2020-03-15,,,,
2020-03-16,,,,
2020-03-17,,,,
2020-03-18,,,,
2020-03-19,,,,
2020-03-20,,,,
2020-03-21,,,,
2020-03-22,,,,
2020-03-23,,,,
2020-03-24,,,,
2020-03-25,1007.4,30.2,23.0,3.5
2020-03-26,1007.7,26.5,23.7,3.2
2020-03-27,1006.55,25.75,23.6,2.5999999999999996
2020-03-28,1007.3499999999999,25.85,23.6,3.25
2020-03-29,1007.3,25.799999999999997,24.3,2.8
2020-03-30,1007.0,25.9,24.1,2.9
2020-03-31,1006.4,24.9,23.7,2.15
2020-04-01,1007.45,26.15,23.6,2.1
2020-04-02,1008.7,26.6,24.05,3.3
2020-04-03,1008.75,26.8,24.2,2.9
2020-04-04,1007.5,25.55,23.8,2.75
2020-04-05,1008.1500000000001,25.4,24.05,2.2
2020-04-06,1009.1,25.549999999999997,23.95,2.1
2020-04-07,1008.3499999999999,25.35,24.0,2.45
2020-04-08,1008.5,25.65,24.049999999999997,1.4
2020-04-09,1007.4,25.4,23.55,4.3
2020-04-10,1008.9,25.25,23.9,1.9
2020-04-11,1008.5,24.9,23.15,2.15
2020-04-12,1009.5,25.25,23.85,2.5
2020-04-13,1009.45,25.85,23.05,4.35
2020-04-14,1009.45,24.15,22.8,2.9
2020-04-15,1008.9000000000001,24.6,23.15,1.1
2020-04-16,1010.45,26.05,23.4,1.85
2020-04-17,1011.5,25.5,23.4,2.25
2020-04-18,1011.3,25.4,23.25,1.7000000000000002
2020-04-19,1010.25,25.7,23.75,2.4
2020-04-20,1009.8,25.85,23.05,3.5
2020-04-21,1010.5,26.35,23.05,3.8
2020-04-22,1009.8,26.35,23.2,2.4
2020-04-23,1009.55,26.9,23.25,3.5
2020-04-24,1009.1500000000001,26.55,23.4,3.0
2020-04-25,1009.4,25.9,23.15,2.2
2020-04-26,1009.6500000000001,26.4,23.6,3.2
2020-04-27,1010.1,25.950000000000003,23.4,2.5
2020-04-28,1009.9,25.6,23.35,2.5
2020-04-29,1010.0,25.85,23.7,2.95
2020-04-30,1010.6,25.2,23.6,2.6
2020-05-01,1010.95,24.7,23.4,2.15
2020-05-02,1010.5999999999999,26.549999999999997,23.4,3.3499999999999996
2020-05-03,1008.8,25.85,23.75,2.6500000000000004
2020-05-04,1007.35,25.25,23.75,2.05
2020-05-05,1007.5,25.5,23.65,2.15
2020-05-06,1008.1500000000001,25.55,23.4,3.0
2020-05-07,1008.9,25.3,23.75,2.6
2020-05-08,1010.25,27.55,24.1,2.5
2020-05-09,1010.5,26.1,24.1,3.4
2020-05-10,1010.75,25.45,23.65,2.6500000000000004
2020-05-11,1010.2,24.75,23.35,3.75
2020-05-12,1009.3,24.6,22.9,2.4000000000000004
2020-05-13,1008.6500000000001,27.05,23.9,3.25
2020-05-14,1008.8499999999999,27.35,24.05,3.1500000000000004
2020-05-15,1009.8499999999999,26.6,23.0,3.3
2020-05-16,1010.4,25.25,23.45,2.7
2020-05-17,1010.0,25.3,23.6,3.2
2020-05-18,1010.1500000000001,27.25,23.7,3.05
2020-05-19,1010.05,26.1,23.45,3.65
2020-05-20,1010.05,25.8,23.6,3.3
2020-05-21,1010.45,26.0,23.35,4.75
2020-05-22,1010.6,25.25,23.5,3.3
2020-05-23,1010.25,24.95,23.7,2.3
2020-05-24,1010.5,25.549999999999997,23.75,2.45
2020-05-25,1010.4,26.700000000000003,23.3,3.55
2020-05-26,1011.0,26.05,23.05,3.3
2020-05-27,1010.2,27.4,22.85,3.1500000000000004
2020-05-28,1008.8499999999999,28.0,23.0,3.1
2020-05-29,1009.55,26.55,23.200000000000003,3.05
2020-05-30,1010.05,24.4,22.8,2.45
2020-05-31,1010.45,25.45,23.65,2.4
2020-06-01,1010.45,24.7,23.3,2.8
2020-06-02,1010.6,25.5,23.3,2.9
2020-06-03,1010.05,26.700000000000003,23.05,3.0
2020-06-04,1010.4,25.700000000000003,23.5,3.25
2020-06-05,1010.9,25.35,23.5,2.25
2020-06-06,1011.0,26.450000000000003,23.05,3.6500000000000004
2020-06-07,1011.3499999999999,26.5,23.0,3.45
2020-06-08,1010.3499999999999,27.15,23.6,3.7
2020-06-09,1010.0,25.5,23.2,3.2
2020-06-10,1009.75,25.05,23.05,2.6
2020-06-11,1010.25,25.950000000000003,22.75,3.55
2020-06-12,1009.3,25.4,23.35,2.25
2020-06-13,1009.45,24.8,23.25,1.8
2020-06-14,1009.8,26.75,22.9,2.8
2020-06-15,1010.3499999999999,26.7,22.9,3.65
2020-06-16,1010.0,27.1,23.4,2.95
2020-06-17,1009.75,26.7,23.1,3.4
2020-06-18,1009.8499999999999,26.65,22.85,3.1
2020-06-19,1010.45,24.9,22.7,3.5999999999999996
2020-06-20,1010.25,25.8,23.2,2.7
2020-06-21,1010.0,27.2,23.15,2.65
2020-06-22,1009.8,27.6,22.85,3.25
2020-06-23,1007.8,27.9,22.9,2.95
2020-06-24,1007.8499999999999,26.5,23.3,3.05
2020-06-25,1009.3499999999999,26.4,23.1,3.1500000000000004
2020-06-26,1008.8499999999999,27.85,22.75,3.8499999999999996
2020-06-27,1008.25,24.6,22.700000000000003,4.45
2020-06-28,1008.4,25.200000000000003,23.35,3.55
2020-06-29,1008.85,26.05,22.85,4.35
2020-06-30,1009.4,25.05,22.7,3.95
2020-07-01,1009.0,27.0,23.299999999999997,2.5
2020-07-02,1008.3499999999999,27.85,23.4,4.1
2020-07-03,1008.5,27.75,23.25,4.5
2020-07-04,1008.2,27.2,23.15,4.25
2020-07-05,1008.3499999999999,24.75,23.15,4.35
2020-07-06,1009.1500000000001,26.0,23.299999999999997,3.45
2020-07-07,1009.3,24.65,22.95,2.85
2020-07-08,1008.6,26.1,22.5,2.3
2020-07-09,1009.7,27.7,23.25,3.4
2020-07-10,1009.85,25.799999999999997,22.15,4.8
2020-07-11,1009.9,25.4,22.4,3.6500000000000004
2020-07-12,1009.75,26.45,23.05,3.6
2020-07-13,1010.1500000000001,27.950000000000003,23.1,3.75
2020-07-14,1010.4,28.0,21.8,3.6
2020-07-15,1010.3,24.55,22.5,4.5
2020-07-16,1010.5,25.85,22.6,3.0
2020-07-17,1010.4,26.65,22.3,3.6
2020-07-18,1009.7,26.950000000000003,22.25,4.15
2020-07-19,1009.5,27.549999999999997,22.4,4.05
2020-07-20,1008.8,24.85,22.8,4.4
2020-07-21,1008.6,23.75,22.3,3.25
2020-07-22,1008.3,25.55,22.75,2.5
2020-07-23,1008.9,26.65,22.4,3.7
2020-07-24,1009.05,26.65,22.6,4.4
2020-07-25,1009.8499999999999,26.6,22.4,3.9499999999999997
2020-07-26,1010.4,27.0,22.5,3.5
2020-07-27,1010.25,25.75,22.8,2.3
2020-07-28,1010.1500000000001,25.4,21.95,4.55
2020-07-29,1010.8,27.2,22.5,3.9
2020-07-30,1009.65,27.9,22.75,3.1
2020-07-31,1009.5,28.200000000000003,22.35,3.8
2020-08-01,1010.75,27.3,22.8,4.05
2020-08-02,1011.5,27.75,22.5,4.4
2020-08-03,1012.45,27.85,22.3,4.199999999999999
2020-08-04,1012.25,26.9,22.5,4.699999999999999
2020-08-05,1012.3,26.05,21.9,3.5
2020-08-06,1011.45,25.9,22.4,4.0
2020-08-07,1011.7,26.25,22.25,3.4
2020-08-08,1012.4,26.9,22.7,3.8
2020-08-09,1012.2,27.0,22.1,3.6
2020-08-10,1009.95,27.2,22.9,4.4
2020-08-11,1008.5,27.3,22.7,3.9
2020-08-12,1008.2,27.45,22.75,4.0
2020-08-13,1007.75,26.9,22.7,4.85
2020-08-14,1007.05,28.25,22.4,5.300000000000001
2020-08-15,1006.4,28.25,22.4,5.05
2020-08-16,1007.3,27.2,22.1,4.9
2020-08-17,1006.9,28.5,21.6,5.25
2020-08-18,1007.05,27.75,22.5,5.2
2020-08-19,1008.4,27.3,22.3,4.3
2020-08-20,1009.45,27.9,22.25,4.75
2020-08-21,1008.8499999999999,27.5,22.4,4.7
2020-08-22,1008.75,27.15,22.6,4.4
2020-08-23,1009.45,26.15,22.6,3.85
2020-08-24,1009.6,25.15,23.2,2.95
2020-08-25,1008.9,25.9,22.9,3.45
2020-08-26,1008.3,27.1,22.5,3.8
2020-08-27,1008.9000000000001,27.8,22.7,4.15
2020-08-28,1008.75,25.200000000000003,23.2,4.25
2020-08-29,1007.95,27.65,22.9,3.9
2020-08-30,1007.8499999999999,27.049999999999997,22.2,4.8
2020-08-31,1008.95,26.5,22.05,4.45
2020-09-01,1009.8499999999999,26.65,22.5,4.4
2020-09-02,1009.2,26.7,22.4,4.3
2020-09-03,1008.4,27.85,22.9,5.35
2020-09-04,1009.75,26.35,22.35,4.449999999999999
2020-09-05,1009.55,27.0,22.45,4.05
2020-09-06,1008.3,27.8,23.2,4.7
2020-09-07,1007.2,27.2,22.6,4.5
2020-09-08,1006.9,24.85,22.3,4.1
2020-09-09,1008.7,26.1,22.4,3.3
2020-09-10,1010.5,28.35,22.6,4.7
2020-09-11,1008.25,26.0,22.3,4.9
2020-09-12,1008.3,25.700000000000003,23.0,3.5
2020-09-13,1009.3,26.0,23.0,3.6
2020-09-14,1010.3499999999999,27.55,22.65,3.8
2020-09-15,1008.65,27.95,22.8,4.25
2020-09-16,1008.3,28.2,22.5,4.8
2020-09-17,1008.5,28.05,22.65,5.15
2020-09-18,1009.45,26.4,22.6,5.6
2020-09-19,1009.0,27.0,23.05,3.0
2020-09-20,1008.75,28.1,22.65,4.75
2020-09-21,1008.75,26.55,22.7,4.6
2020-09-22,1009.75,27.15,22.799999999999997,4.05
2020-09-23,1010.4,27.1,22.0,4.199999999999999
2020-09-24,1010.6,26.6,22.5,4.15
2020-09-25,1010.25,27.450000000000003,22.6,5.15
2020-09-26,1008.6500000000001,26.75,22.15,3.9
2020-09-27,1007.95,26.35,22.2,4.0
2020-09-28,1007.75,25.25,22.9,3.25
2020-09-29,1008.85,27.299999999999997,22.35,3.4
2020-09-30,1008.0,26.4,22.65,5.15
2020-10-01,1006.5,26.7,22.7,3.9
2020-10-02,1006.95,25.75,22.8,4.199999999999999
2020-10-03,1007.95,26.2,23.15,3.8
2020-10-04,1008.0,25.35,22.700000000000003,4.0
2020-10-05,1008.1,24.9,22.8,3.65
2020-10-06,1008.8499999999999,24.45,22.8,2.05
2020-10-07,1009.8499999999999,27.15,22.6,4.15
2020-10-08,1010.1,27.6,22.15,4.65
2020-10-09,1010.2,27.55,22.2,4.75
2020-10-10,1010.4,27.25,21.95,5.05
2020-10-11,1009.8499999999999,26.2,22.6,4.699999999999999
2020-10-12,1009.5,27.0,22.0,3.4
2020-10-13,1008.4,25.95,22.75,4.1
2020-10-14,1008.1,25.6,22.549999999999997,3.0999999999999996
2020-10-15,1007.9000000000001,26.85,22.4,4.25
2020-10-16,1008.8,27.2,22.8,4.35
2020-10-17,1008.1,24.65,22.9,3.8
2020-10-18,1007.2,26.7,22.9,3.75
2020-10-19,1006.8499999999999,25.15,22.45,4.2
2020-10-20,1007.75,24.95,23.2,2.75
2020-10-21,1008.5,26.3,23.5,3.15
2020-10-22,1008.4,27.85,22.8,3.7
2020-10-23,1008.3,26.35,22.5,3.75
2020-10-24,1007.85,27.25,22.75,4.6
2020-10-25,1007.4000000000001,25.95,22.9,4.35
2020-10-26,1007.3,26.5,23.2,3.9
2020-10-27,1006.75,24.8,23.0,4.0
2020-10-28,1005.3,27.35,23.2,3.75
2020-10-29,1005.7,26.950000000000003,23.6,3.75
2020-10-30,1006.9,27.7,23.2,4.05
2020-10-31,1007.5999999999999,28.5,22.55,4.949999999999999
2020-11-01,1007.05,27.3,22.75,4.300000000000001
2020-11-02,1006.3,28.2,23.25,3.55
2020-11-03,1007.4,26.85,23.35,4.05
2020-11-04,1008.3,24.25,22.950000000000003,3.95
2020-11-05,1007.0999999999999,24.75,23.5,2.85
2020-11-06,1007.85,25.1,23.6,2.05
2020-11-07,1009.05,25.9,23.4,3.9
2020-11-08,1008.3499999999999,28.4,23.6,4.75
2020-11-09,1008.3,26.5,22.9,4.6
2020-11-10,1008.1500000000001,24.700000000000003,23.45,2.65
2020-11-11,1008.75,24.6,22.8,2.4000000000000004
2020-11-12,1007.95,25.5,23.049999999999997,2.65
2020-11-13,1007.8,25.45,23.45,3.45
2020-11-14,1006.95,26.4,23.05,2.6
2020-11-15,1007.25,26.25,23.6,3.5
2020-11-16,1006.6500000000001,27.6,23.4,3.8
2020-11-17,1005.75,25.8,23.3,3.0999999999999996
2020-11-18,1006.3,25.049999999999997,23.55,2.7
2020-11-19,1007.4,25.2,23.5,2.2
2020-11-20,1007.3499999999999,26.05,22.55,4.3
2020-11-21,1006.5,25.6,23.0,4.65
2020-11-22,1007.0,25.0,23.25,2.35
2020-11-23,1009.45,24.8,22.299999999999997,3.7
2020-11-24,1007.95,26.4,22.9,3.55
2020-11-25,1007.4,25.9,22.7,4.0
2020-11-26,1007.1,25.65,23.3,4.7
2020-11-27,1007.7,23.85,22.6,5.1
2020-11-28,1007.65,25.049999999999997,23.35,3.35
2020-11-29,1007.7,25.8,23.8,3.3
2020-11-30,1008.4,27.4,23.8,3.5999999999999996
2020-12-01,1008.0999999999999,26.05,23.6,4.65
2020-12-02,1007.6,25.549999999999997,23.35,3.75
2020-12-03,1008.4,27.9,22.7,4.45
2020-12-04,1008.3,27.75,22.95,5.050000000000001
2020-12-05,1008.2,27.6,23.65,4.25
2020-12-06,1008.4,26.85,23.4,3.5
2020-12-07,1008.25,25.5,23.0,3.3
2020-12-08,1009.2,26.8,23.7,3.3499999999999996
2020-12-09,1009.5,26.3,23.3,3.7
2020-12-10,1008.65,27.1,22.9,3.55
2020-12-11,1007.95,27.75,22.4,4.85
2020-12-12,1007.75,27.2,22.75,5.5
2020-12-13,1008.4,26.6,23.4,4.2
2020-12-14,1008.3,26.1,23.5,4.0
2020-12-15,1007.4,25.1,23.0,2.8
2020-12-16,1007.6,24.55,23.1,3.6999999999999997
2020-12-17,1008.2,25.549999999999997,23.299999999999997,2.2
2020-12-18,1007.4,25.75,23.65,3.1
2020-12-19,1006.0,26.0,23.5,3.3
2020-12-20,1006.95,25.45,23.3,2.75
2020-12-21,1008.05,26.95,22.8,3.8
2020-12-22,1008.05,26.85,22.549999999999997,4.15
2020-12-23,1007.0,26.3,22.75,4.1
2020-12-24,1006.55,25.950000000000003,23.7,3.3499999999999996
2020-12-25,1006.0,25.45,23.7,3.45
2020-12-26,1005.5,25.4,23.2,2.8
2020-12-27,1005.95,24.85,22.5,3.8
2020-12-28,1006.95,26.0,23.75,4.25
2020-12-29,1006.05,26.1,23.1,3.8
2020-12-30,1006.3,26.55,23.35,3.5
2020-12-31,1007.95,26.15,23.4,3.3
2021-01-01,1010.8,24.9,23.3,1.9
2021-01-02,1007.9,24.8,23.8,1.6
2021-01-03,,,,
2021-01-04,1006.1,26.7,24.2,3.9
2021-01-05,1007.3499999999999,27.049999999999997,23.8,3.1500000000000004
2021-01-06,1006.8,27.45,23.05,3.9
2021-01-07,1007.3499999999999,26.75,23.25,4.25
2021-01-08,1007.6,25.15,23.3,2.8
2021-01-09,1007.45,27.35,23.0,3.65
2021-01-10,1008.0,26.15,23.0,3.2
2021-01-11,1008.1500000000001,25.25,23.65,2.9000000000000004
2021-01-12,1008.2,24.9,23.85,3.45
2021-01-13,1007.75,24.85,23.2,4.1
2021-01-14,1006.95,25.4,23.4,2.3
2021-01-15,1006.95,26.5,22.8,3.5
2021-01-16,1006.0,25.45,22.35,3.6
2021-01-17,1006.1,24.95,23.45,2.55
2021-01-18,1006.95,25.3,23.7,3.6500000000000004
2021-01-19,1007.3,25.049999999999997,23.45,2.25
2021-01-20,1007.9,24.65,22.65,4.2
2021-01-21,1007.9,24.4,22.9,2.9000000000000004
2021-01-22,1008.7,24.4,22.9,3.15
2021-01-23,1008.3,26.1,22.6,3.4
2021-01-24,1007.45,24.35,23.1,4.1
2021-01-25,1007.05,24.2,23.2,2.6
2021-01-26,1007.45,24.65,23.7,2.2
2021-01-27,1007.25,26.1,23.9,2.3499999999999996
2021-01-28,1007.3499999999999,25.4,23.65,2.2
2021-01-29,1006.9,25.5,23.2,3.9000000000000004
2021-01-30,1007.55,25.55,23.4,3.8
2021-01-31,1008.1500000000001,26.3,23.6,3.75
2021-02-01,1006.95,24.1,23.2,4.449999999999999
2021-02-02,1007.25,25.85,22.95,3.55
2021-02-03,1008.1,25.9,23.6,4.15
2021-02-04,1008.4,25.700000000000003,23.9,3.8
2021-02-05,1007.25,27.450000000000003,23.5,3.6
2021-02-06,1007.4,26.45,23.25,4.75
2021-02-07,1008.2,26.35,23.75,3.8
2021-02-08,1007.75,26.9,23.35,4.75
2021-02-09,1007.3,25.75,23.85,2.8499999999999996
2021-02-10,1007.6,25.05,23.85,2.55
2021-02-11,1007.25,26.05,23.25,3.75
2021-02-12,1007.0999999999999,26.65,23.9,4.55
2021-02-13,1006.9,25.35,23.95,2.6
2021-02-14,1007.0,25.049999999999997,23.95,2.55
2021-02-15,1007.55,25.3,24.1,2.9
2021-02-16,1008.95,24.1,23.0,3.4
2021-02-17,1008.45,23.95,23.15,3.05
2021-02-18,1008.9,23.85,23.0,2.5
2021-02-19,1009.55,24.0,22.9,2.3499999999999996
2021-02-20,1009.4,23.9,22.9,2.7
2021-02-21,1008.6500000000001,23.85,23.049999999999997,2.0
2021-02-22,1010.1,23.6,22.8,0.0
2021-02-23,1009.3499999999999,23.5,22.200000000000003,3.0
2021-02-24,1009.05,24.4,23.55,0.85
2021-02-25,1007.3499999999999,25.15,23.799999999999997,0.0
2021-02-26,1006.6500000000001,24.7,23.75,2.05
2021-02-27,1006.95,24.6,23.55,2.0
2021-02-28,1005.8,24.7,23.6,2.25
2021-03-01,1004.95,23.85,23.0,2.4
2021-03-02,1006.55,23.4,22.15,3.25
2021-03-03,1008.95,24.15,23.1,2.8
2021-03-04,1009.35,25.4,23.2,2.75
2021-03-05,1008.1,24.15,23.25,2.8
2021-03-06,1008.2,24.7,24.0,1.5499999999999998
2021-03-07,1009.0999999999999,25.85,23.25,3.45
2021-03-08,1007.8,25.65,23.45,3.9
2021-03-09,1007.6500000000001,25.450000000000003,23.35,3.8
2021-03-10,1007.9,25.549999999999997,23.4,2.9000000000000004
2021-03-11,1008.1,25.3,23.5,3.3
2021-03-12,1009.0,23.95,22.95,0.0
2021-03-13,1009.05,25.15,22.95,0.0
2021-03-14,1009.35,24.7,23.2,2.15
2021-03-15,1009.1500000000001,24.25,23.2,2.95
2021-03-16,1007.8499999999999,24.65,23.35,3.75
2021-03-17,1007.8,24.95,23.4,3.25
2021-03-18,1007.25,24.0,23.2,2.95
2021-03-19,1008.3499999999999,24.95,23.2,3.5999999999999996
2021-03-20,1009.3499999999999,25.299999999999997,22.25,2.9
2021-03-21,1008.95,25.5,23.3,3.3499999999999996
2021-03-22,1009.35,23.8,23.1,2.6500000000000004
2021-03-23,1008.6,24.35,22.6,3.2
2021-03-24,1008.75,25.3,23.8,3.25
2021-03-25,1010.0,24.85,23.5,2.45
2021-03-26,1009.95,25.8,22.85,3.0
2021-03-27,1009.55,24.75,22.6,2.95
2021-03-28,1008.15,25.049999999999997,23.6,2.5
2021-03-29,1007.95,25.5,23.65,2.45
2021-03-30,1007.9,25.55,24.2,2.5
2021-03-31,1006.1,25.85,24.25,3.0999999999999996
2021-04-01,1006.45,25.45,23.9,2.8499999999999996
2021-04-02,1008.4000000000001,25.35,24.0,2.6500000000000004
2021-04-03,1008.1,24.8,23.85,2.4
2021-04-04,1006.95,24.15,23.549999999999997,2.7
2021-04-05,1006.4,26.25,23.95,2.6500000000000004
2021-04-06,1006.9,27.5,23.65,3.75
2021-04-07,1007.0,26.65,23.8,5.199999999999999
2021-04-08,1007.65,24.9,23.85,2.8499999999999996
2021-04-09,1008.15,24.4,23.75,2.1500000000000004
2021-04-10,1007.0,25.15,23.9,3.5
2021-04-11,1007.8,23.75,23.2,3.7
2021-04-12,1008.55,24.85,23.65,3.1
2021-04-13,1008.9,25.55,24.5,2.95
2021-04-14,1008.45,25.5,24.35,2.0
2021-04-15,1007.4,26.35,24.4,2.9000000000000004
2021-04-16,1007.9000000000001,25.2,24.1,2.55
2021-04-17,1007.95,24.35,24.0,2.75
2021-04-18,1008.55,24.0,23.7,2.7
2021-04-19,1009.05,24.200000000000003,23.4,2.0
2021-04-20,1009.9,25.45,23.2,2.45
2021-04-21,1009.7,25.75,23.6,2.6
2021-04-22,1009.4,24.65,23.4,2.8
2021-04-23,1008.45,25.35,23.3,3.35
2021-04-24,1008.5,25.0,24.55,2.0
2021-04-25,1008.0,24.75,23.9,3.2
2021-04-26,1007.2,26.25,24.3,4.0
2021-04-27,1007.55,26.549999999999997,23.85,3.0
2021-04-28,1007.55,25.6,23.95,3.65
2021-04-29,1008.8,25.45,23.9,3.8
2021-04-30,1009.7,25.75,23.85,2.9
2021-05-01,1010.2,24.15,23.55,3.7
2021-05-02,1009.3499999999999,25.450000000000003,23.5,3.15
2021-05-03,1008.8,25.35,24.0,3.3
2021-05-04,1009.6,25.049999999999997,24.3,2.3
2021-05-05,1010.1500000000001,23.95,23.25,2.45
2021-05-06,1010.4,23.9,23.55,2.2
2021-05-07,1010.3499999999999,25.299999999999997,23.9,2.75
2021-05-08,1010.65,24.85,24.2,2.45
2021-05-09,1010.4000000000001,25.3,24.2,3.0999999999999996
2021-05-10,1009.6,25.1,24.4,3.3
2021-05-11,1009.0,24.75,24.15,2.3499999999999996
2021-05-12,1009.2,25.0,23.95,3.6
2021-05-13,1009.1,25.15,24.3,3.0
2021-05-14,1009.2,24.15,23.9,2.6500000000000004
2021-05-15,1009.6,23.85,23.7,2.1500000000000004
2021-05-16,1009.5,24.799999999999997,23.6,2.7
2021-05-17,1010.2,24.05,23.9,2.8
2021-05-18,1010.5,25.75,23.8,1.85
2021-05-19,1009.5,26.0,24.15,3.2
2021-05-20,1009.2,25.35,24.2,3.0
2021-05-21,1008.95,24.95,24.4,2.35
2021-05-22,1008.95,27.3,23.95,2.85
2021-05-23,1008.3,26.1,24.55,3.6500000000000004
2021-05-24,1008.4,27.7,24.45,2.9000000000000004
2021-05-25,1009.3,28.6,24.1,4.7
2021-05-26,1009.05,26.7,24.4,3.6
2021-05-27,1008.45,26.6,24.45,3.8
2021-05-28,1008.95,27.15,24.4,4.2
2021-05-29,1008.8,26.700000000000003,23.95,3.4
2021-05-30,1009.4,26.7,24.6,4.550000000000001
2021-05-31,1009.3499999999999,27.0,24.5,4.5
2021-06-01,1008.8,26.95,23.8,3.45
2021-06-02,1008.55,27.4,23.55,4.45
2021-06-03,1009.75,25.2,23.95,4.65
2021-06-04,1009.7,25.7,23.95,2.9
2021-06-05,1009.5,25.9,24.15,4.2
2021-06-06,1008.45,26.65,24.0,3.1500000000000004
2021-06-07,1008.05,26.75,23.75,3.6500000000000004
2021-06-08,1008.35,25.6,24.4,4.0
2021-06-09,1008.55,27.0,23.9,2.85
2021-06-10,1009.3499999999999,26.4,23.8,3.4000000000000004
2021-06-11,1009.8499999999999,26.25,23.9,3.3
2021-06-12,1011.4,25.2,24.25,2.3499999999999996
2021-06-13,1009.95,25.15,23.75,2.95
2021-06-14,1010.5,24.95,24.4,3.55
2021-06-15,1010.5,25.95,24.05,3.75
2021-06-16,1010.1,25.299999999999997,24.6,3.5999999999999996
2021-06-17,1010.25,25.299999999999997,24.0,3.9
2021-06-18,1011.3499999999999,25.5,24.3,2.8499999999999996
2021-06-19,1012.4,25.6,24.3,2.6
2021-06-20,1011.65,26.15,23.5,3.2
2021-06-21,1011.1,25.0,24.4,3.6
2021-06-22,1010.8499999999999,25.6,23.35,3.4000000000000004
2021-06-23,1010.8,24.950000000000003,23.95,3.9000000000000004
2021-06-24,1010.85,25.049999999999997,23.15,3.5999999999999996
2021-06-25,1010.3,26.75,23.0,3.8
2021-06-26,1009.6,26.05,22.9,4.85
2021-06-27,1009.45,24.6,23.2,3.8
2021-06-28,1010.3,26.450000000000003,23.8,3.35
2021-06-29,1011.3,26.05,23.75,2.55
2021-06-30,1011.1500000000001,27.2,22.6,3.15
2021-07-01,1010.9,26.299999999999997,23.799999999999997,4.2
2021-07-02,1012.25,24.7,24.5,3.3
2021-07-03,1012.55,24.700000000000003,23.799999999999997,3.1500000000000004
2021-07-04,1012.05,24.35,24.15,3.0
2021-07-05,1012.4,24.4,23.7,2.8
2021-07-06,1012.1500000000001,24.5,24.1,3.35
2021-07-07,1010.4,25.299999999999997,23.5,0.0
2021-07-08,1010.0,26.5,24.1,0.0
2021-07-09,1009.8499999999999,26.049999999999997,23.4,0.0
2021-07-10,1009.9,25.1,23.5,0.0
2021-07-11,1010.3,25.700000000000003,23.65,0.0
2021-07-12,1009.8,24.9,23.6,0.0
2021-07-13,1010.35,24.95,24.1,0.0
2021-07-14,1010.4,25.55,23.9,0.0
2021-07-15,1010.3,25.15,23.35,0.0
2021-07-16,1010.75,24.9,23.6,0.0
2021-07-17,1010.6,25.75,23.5,0.0
2021-07-18,1011.4,26.05,23.55,0.0
2021-07-19,1010.5,24.85,23.25,0.0
2021-07-20,1010.55,24.6,23.7,0.0
2021-07-21,1012.05,24.65,23.65,0.0
2021-07-22,1012.7,26.85,23.45,0.0
2021-07-23,1011.95,25.05,23.7,3.8
2021-07-24,1010.75,25.05,23.0,3.4
2021-07-25,1009.95,25.950000000000003,23.25,2.9
2021-07-26,1009.7,27.15,23.5,4.0
2021-07-27,1010.25,27.4,23.7,4.65
2021-07-28,1010.0,25.950000000000003,23.55,4.300000000000001
2021-07-29,1011.1,26.45,23.95,3.8499999999999996
2021-07-30,1011.5,25.9,23.700000000000003,4.85
2021-07-31,1012.6,24.25,23.9,2.7
2021-08-01,1013.3,25.4,23.05,2.1
2021-08-02,1013.3,26.25,22.7,3.4
2021-08-03,1012.2,27.5,23.0,3.4
2021-08-04,1011.8499999999999,27.950000000000003,23.4,2.7
2021-08-05,1012.6500000000001,27.950000000000003,23.6,4.0
2021-08-06,1012.6,27.35,22.9,4.1
2021-08-07,1010.8499999999999,27.45,23.4,5.0
2021-08-08,1010.4,27.4,23.1,5.35
2021-08-09,1011.55,24.4,23.35,4.9
2021-08-10,1011.0,24.5,23.700000000000003,3.5999999999999996
2021-08-11,1009.75,24.65,23.85,3.6
2021-08-12,1009.6500000000001,24.25,23.5,2.9
2021-08-13,1010.2,24.0,23.45,3.3
2021-08-14,1010.6500000000001,24.25,23.55,3.3499999999999996
2021-08-15,1009.75,27.35,23.0,3.8499999999999996
2021-08-16,1009.8,27.700000000000003,23.6,4.449999999999999
2021-08-17,1010.0,28.0,23.1,4.65
2021-08-18,1009.95,27.95,23.65,5.2
2021-08-19,1008.45,27.15,23.7,4.4
2021-08-20,1008.1,28.0,23.3,4.45
2021-08-21,1008.6,27.0,23.6,5.199999999999999
2021-08-22,1007.8,26.1,23.65,4.75
2021-08-23,1006.55,27.799999999999997,23.7,3.9
2021-08-24,1006.6500000000001,25.95,23.35,5.5
2021-08-25,1006.95,25.6,23.950000000000003,2.7
2021-08-26,1007.4,25.85,23.65,3.65
2021-08-27,1007.6,25.9,23.8,3.75
2021-08-28,1008.8,25.1,23.5,4.7
2021-08-29,1009.15,27.549999999999997,23.5,4.35
2021-08-30,1008.6500000000001,27.799999999999997,23.45,5.4
2021-08-31,1008.6,26.200000000000003,23.15,4.949999999999999
2021-09-01,1009.5,25.5,23.299999999999997,3.8
2021-09-02,1009.8,26.75,23.4,4.2
2021-09-03,1010.05,24.55,23.5,2.75
2021-09-04,1008.6,24.45,23.35,3.25
2021-09-05,1009.05,27.4,23.05,4.45
2021-09-06,1009.05,26.9,23.4,4.4
2021-09-07,1008.45,26.05,23.8,3.75
2021-09-08,1008.95,25.4,23.6,4.05
2021-09-09,1009.5,25.6,23.25,3.7
2021-09-10,1009.8,24.95,23.65,3.7
2021-09-11,1010.45,27.6,23.299999999999997,5.1
2021-09-12,1010.85,26.05,23.95,3.55
2021-09-13,1010.1,26.3,23.6,4.25
2021-09-14,1009.75,26.15,23.7,4.5
2021-09-15,1010.5,23.35,22.65,2.55
2021-09-16,1011.4,25.35,23.45,2.95
2021-09-17,1010.75,25.7,23.9,3.5
2021-09-18,1008.7,26.3,23.8,4.0
2021-09-19,1008.45,25.1,23.8,3.15
2021-09-20,1008.75,24.95,23.5,3.65
2021-09-21,1009.15,26.9,23.85,3.7
2021-09-22,1007.8,27.35,24.15,4.5
2021-09-23,1008.45,28.2,23.5,4.65
2021-09-24,1009.8499999999999,26.35,23.4,4.15
2021-09-25,1010.6,25.35,23.8,4.15
2021-09-26,1010.7,24.75,23.7,2.65
2021-09-27,1010.55,25.25,23.049999999999997,5.3
2021-09-28,1010.05,23.45,23.1,0.45
2021-09-29,,,,
2021-09-30,1007.0,30.3,24.3,4.3
2021-10-01,1008.15,25.6,23.55,3.2
2021-10-02,1007.9,25.15,23.75,3.25
2021-10-03,1007.1,26.9,24.1,2.6
2021-10-04,1007.25,28.15,23.25,6.0
2021-10-05,1007.0,29.0,23.299999999999997,4.75
2021-10-06,1007.0,27.65,23.7,4.65
2021-10-07,1006.45,26.5,24.05,4.5
2021-10-08,1006.75,25.65,23.9,4.1
2021-10-09,1007.1,24.8,23.65,4.05
2021-10-10,1008.05,26.1,24.299999999999997,2.7
2021-10-11,1008.3499999999999,27.7,23.2,4.15
2021-10-12,1008.2,27.45,22.65,5.35
2021-10-13,1007.55,27.75,23.5,4.800000000000001
2021-10-14,1007.6,28.5,22.85,4.8
2021-10-15,1008.1,27.25,23.05,4.9
2021-10-16,1008.3499999999999,26.25,24.15,4.45
2021-10-17,1007.8,25.6,24.1,4.1
2021-10-18,1008.3499999999999,25.45,24.2,3.9499999999999997
2021-10-19,1009.35,27.4,23.65,3.8
2021-10-20,1009.55,27.450000000000003,24.15,4.4
2021-10-21,1008.3,25.95,24.65,2.9000000000000004
2021-10-22,1007.75,26.25,24.35,3.45
2021-10-23,1007.8,26.95,24.45,3.2
2021-10-24,1007.9,29.15,24.0,4.15
2021-10-25,1009.2,27.3,24.0,4.6
2021-10-26,1008.55,28.5,24.0,4.55
2021-10-27,1008.8,27.7,24.2,5.05
2021-10-28,1010.2,26.3,23.6,4.4
2021-10-29,1010.1,25.45,23.7,4.1
2021-10-30,1008.05,25.75,23.15,3.5
2021-10-31,1008.6,26.95,23.8,3.1500000000000004
2021-11-01,1008.3,26.35,24.15,3.8
2021-11-02,1008.15,26.1,23.75,2.6500000000000004
2021-11-03,1007.45,26.05,23.65,4.05
2021-11-04,1008.0,28.2,24.2,3.6
2021-11-05,1006.9,28.4,24.1,4.5
2021-11-06,1007.5,27.9,24.2,4.5
2021-11-07,1007.6,27.8,24.4,3.55
2021-11-08,1007.0,26.55,24.2,3.75
2021-11-09,1007.3499999999999,25.45,24.0,2.9
2021-11-10,1008.55,24.05,22.1,2.1500000000000004
2021-11-11,1008.2,27.35,22.700000000000003,3.7
2021-11-12,1007.85,27.65,23.65,4.2
2021-11-13,1006.5999999999999,27.8,23.299999999999997,4.35
2021-11-14,1007.3499999999999,27.1,23.25,4.0
2021-11-15,1007.15,26.6,23.3,4.300000000000001
2021-11-16,1006.75,24.9,22.4,3.75
2021-11-17,1005.9,24.950000000000003,23.2,3.25
2021-11-18,1006.1500000000001,26.1,23.1,3.05
2021-11-19,1006.3,25.9,23.55,4.0
2021-11-20,1006.55,25.85,24.5,2.8
2021-11-21,1007.4,27.7,24.5,3.2
2021-11-22,1006.6,26.0,23.85,4.75
2021-11-23,1007.6,25.8,23.3,3.9
2021-11-24,1006.95,25.4,23.1,3.65
2021-11-25,1006.95,24.799999999999997,23.1,2.5999999999999996
2021-11-26,1007.1500000000001,26.700000000000003,23.25,3.95
2021-11-27,1007.15,26.65,24.15,4.699999999999999
2021-11-28,1006.9,24.9,24.0,3.45
2021-11-29,1006.95,25.55,24.1,4.2
2021-11-30,1007.35,26.9,23.55,4.25
2021-12-01,1006.5999999999999,28.049999999999997,24.35,4.5
2021-12-02,1006.6500000000001,27.450000000000003,24.0,4.05
2021-12-03,1005.8,25.15,23.75,3.5
2021-12-04,1007.6500000000001,26.85,24.2,2.55
2021-12-05,1008.25,25.1,24.1,3.2
2021-12-06,1007.8499999999999,25.85,24.4,2.3
2021-12-07,1006.6500000000001,26.1,24.75,2.75
2021-12-08,1006.6,25.6,24.6,2.65
2021-12-09,1007.05,26.3,24.6,3.05
2021-12-10,1006.05,26.15,24.55,3.6500000000000004
2021-12-11,1004.5,27.55,24.35,4.45
2021-12-12,1004.55,27.05,24.3,3.4
2021-12-13,1005.7,26.1,24.0,3.7
2021-12-14,1006.75,26.15,24.75,3.8
2021-12-15,1005.6,26.25,24.549999999999997,4.1
2021-12-16,1006.0,25.9,24.3,4.4
2021-12-17,1006.4,27.45,24.15,3.7
2021-12-18,1006.7,28.25,23.7,5.3
2021-12-19,1006.2,27.7,24.35,5.199999999999999
2021-12-20,1006.0,27.9,23.75,4.65
2021-12-21,1005.85,28.15,23.35,4.85
2021-12-22,1006.3,27.5,24.2,4.9
2021-12-23,1006.55,26.45,23.7,4.35
2021-12-24,1006.55,27.0,23.95,3.3499999999999996
2021-12-25,1007.5,27.049999999999997,24.65,3.5
2021-12-26,1008.3,25.6,23.9,4.4
2021-12-27,1007.9,26.0,23.9,3.65
2021-12-28,1008.3,25.25,24.3,2.6
2021-12-29,1008.65,26.15,24.200000000000003,3.05
2021-12-30,1007.45,26.9,24.6,4.25
2021-12-31,1006.9,25.8,24.5,3.95
2022-01-01,1008.3499999999999,24.7,23.6,3.5
2022-01-02,1008.5,25.200000000000003,23.45,4.0
2022-01-03,1008.8499999999999,24.6,23.7,3.0
2022-01-04,1007.6500000000001,24.9,23.1,3.3
2022-01-05,1007.6,25.65,23.85,3.9000000000000004
2022-01-06,1007.55,25.6,23.45,3.8
2022-01-07,1007.3499999999999,25.85,24.2,3.2
2022-01-08,1008.0,25.0,23.85,3.8499999999999996
2022-01-09,1009.5,25.1,23.95,2.25
2022-01-10,1008.9000000000001,25.1,23.6,2.8
2022-01-11,1008.6500000000001,24.65,22.8,3.9499999999999997
2022-01-12,1009.4,25.15,23.45,2.2
2022-01-13,1010.75,24.5,23.3,2.7
2022-01-14,1010.2,23.7,23.0,4.7
2022-01-15,1011.15,23.4,22.95,2.7
2022-01-16,1009.75,24.85,22.9,3.5
2022-01-17,1009.05,25.3,24.15,
2022-01-18,1009.75,24.799999999999997,24.0,
2022-01-19,1010.6,23.450000000000003,22.75,
2022-01-20,1008.9,24.5,23.5,
2022-01-21,1006.7,30.6,24.7,
2022-01-22,1007.3,26.85,23.5,
2022-01-23,1006.9,26.05,23.7,
2022-01-24,1007.95,24.5,22.6,
2022-01-25,1007.6500000000001,24.4,23.7,
2022-01-26,1007.2,25.2,23.45,
2022-01-27,1007.7,24.85,23.5,
2022-01-28,1007.95,23.65,22.9,
2022-01-29,1008.1,23.15,22.7,
2022-01-30,1008.25,25.25,23.55,
2022-01-31,1008.4,25.299999999999997,23.299999999999997,
2022-02-01,1008.05,25.55,23.45,
2022-02-02,1008.6500000000001,26.299999999999997,24.0,
2022-02-03,1007.6,25.6,23.5,
2022-02-04,1008.0,25.1,23.9,
2022-02-05,1008.0999999999999,25.95,23.85,
2022-02-06,1008.4,24.95,23.9,
2022-02-07,1008.5,25.700000000000003,24.35,
2022-02-08,1007.15,26.25,24.6,
2022-02-09,1006.65,25.700000000000003,24.4,
2022-02-10,1007.05,24.6,23.7,
2022-02-11,1007.2,26.6,23.4,
2022-02-12,1007.2,26.4,24.1,
2022-02-13,1007.05,25.85,24.2,
2022-02-14,1006.9,24.8,23.8,
2022-02-15,1008.05,24.55,23.55,
2022-02-16,1009.45,25.700000000000003,24.1,
2022-02-17,1008.8,27.0,24.0,
2022-02-18,1006.95,26.85,23.2,
2022-02-19,1006.95,27.0,24.1,
2022-02-20,1008.4,25.8,24.0,
2022-02-21,1008.45,25.1,23.45,
2022-02-22,1008.1500000000001,25.6,23.799999999999997,
2022-02-23,1006.6,28.35,24.3,
2022-02-24,1006.8499999999999,27.6,24.0,
2022-02-25,1008.5,26.7,22.9,
2022-02-26,1007.8,26.6,22.4,
2022-02-27,1007.65,25.4,22.35,
2022-02-28,1007.6,24.65,22.3,
2022-03-01,1008.55,25.95,22.65,
2022-03-02,1008.1,25.6,23.6,
2022-03-03,1007.9,24.7,23.45,
2022-03-04,1007.2,24.9,24.0,
2022-03-05,1006.6500000000001,24.5,24.0,
2022-03-06,1007.5999999999999,24.45,23.7,
2022-03-07,1006.6500000000001,25.25,23.4,
2022-03-08,1006.6,25.6,24.2,
2022-03-09,1006.95,24.85,24.5,
2022-03-10,1008.2,24.3,23.8,
2022-03-11,1008.6500000000001,25.1,23.55,
2022-03-12,1008.2,26.6,24.0,
2022-03-13,1008.15,25.95,23.3,
2022-03-14,1007.2,25.6,24.5,
2022-03-15,1008.6,24.9,24.2,
2022-03-16,1008.6500000000001,24.9,23.95,
2022-03-17,1008.05,25.4,23.85,
2022-03-18,1008.4,25.4,24.4,
2022-03-19,1009.1500000000001,25.4,24.0,
2022-03-20,1008.0,26.0,24.25,
2022-03-21,1007.5,25.0,24.25,
2022-03-22,1007.75,24.6,24.0,
2022-03-23,1008.1500000000001,25.55,24.7,
2022-03-24,1008.35,25.05,24.4,
2022-03-25,1007.45,25.35,24.3,
2022-03-26,1006.7,26.6,24.25,
2022-03-27,1006.8,26.35,24.2,
2022-03-28,1008.2,25.25,24.6,
2022-03-29,1008.1,24.6,24.2,
2022-03-30,1007.6,25.1,23.95,
2022-03-31,1008.45,25.3,23.8,2.1500000000000004
2022-04-01,1009.55,25.25,24.1,3.3
2022-04-02,1009.2,25.799999999999997,24.4,3.4000000000000004
2022-04-03,1007.85,25.2,24.4,3.3499999999999996
2022-04-04,1008.55,24.85,24.25,1.05
2022-04-05,1008.6500000000001,24.7,24.35,0.8
2022-04-06,1008.2,24.35,23.85,2.5
2022-04-07,1008.2,24.55,24.1,1.1
2022-04-08,1009.2,24.65,24.2,2.95
2022-04-09,1008.5,24.6,23.85,2.8
2022-04-10,1008.1500000000001,25.55,23.55,3.45
2022-04-11,1007.6500000000001,25.1,23.95,2.3
2022-04-12,1008.05,24.65,24.1,2.45
2022-04-13,1007.5,25.15,24.3,2.5
2022-04-14,1007.2,24.4,24.0,1.8
2022-04-15,1007.7,25.0,24.2,2.45
2022-04-16,1008.3,25.05,24.35,2.9
2022-04-17,1008.1,25.35,24.45,2.35
2022-04-18,1008.4,24.9,24.2,2.45
2022-04-19,1008.3,25.5,24.65,2.7
2022-04-20,1007.9000000000001,25.2,24.4,3.2
2022-04-21,1007.6,25.5,24.700000000000003,2.3499999999999996
2022-04-22,1007.7,25.0,24.45,1.9
2022-04-23,1008.6500000000001,24.4,23.7,2.5
2022-04-24,1009.3,26.05,23.75,3.1500000000000004
2022-04-25,1007.6,25.55,24.200000000000003,3.5
2022-04-26,1007.2,24.45,23.85,2.7
2022-04-27,1008.0,24.6,23.45,2.35
2022-04-28,1008.4,25.05,24.0,2.9
2022-04-29,1008.4000000000001,25.6,24.25,2.7
2022-04-30,1009.2,25.200000000000003,24.299999999999997,2.8
2022-05-01,1008.4,24.65,23.85,3.0
2022-05-02,1009.2,24.95,24.5,2.55
2022-05-03,1009.2,24.4,24.15,2.05
2022-05-04,1009.5,24.5,24.05,1.85
2022-05-05,1009.8,25.2,23.95,3.0
2022-05-06,1009.6,24.700000000000003,24.1,3.65
2022-05-07,1010.0,24.55,24.1,2.75
2022-05-08,1009.8,24.35,23.8,2.55
2022-05-09,1010.15,24.65,24.1,2.55
2022-05-10,1010.5,24.799999999999997,23.85,3.0
2022-05-11,1009.2,24.200000000000003,23.7,3.55
2022-05-12,1008.9,24.3,23.85,2.3499999999999996
2022-05-13,1008.95,25.95,24.1,2.5999999999999996
2022-05-14,1008.1500000000001,25.8,24.1,4.449999999999999
2022-05-15,1008.45,25.0,24.15,3.45
2022-05-16,1008.6500000000001,27.25,24.35,3.6999999999999997
2022-05-17,1009.15,26.85,24.5,4.449999999999999
2022-05-18,1009.05,25.25,24.2,3.5999999999999996
2022-05-19,1010.0,25.25,23.75,2.5
2022-05-20,1011.8,25.6,23.75,3.55
2022-05-21,1013.45,25.0,23.55,3.15
2022-05-22,1013.0,24.3,23.75,3.1
2022-05-23,1012.1,23.700000000000003,23.3,2.45
2022-05-24,1011.05,25.450000000000003,22.799999999999997,2.6500000000000004
2022-05-25,1010.6,25.7,23.799999999999997,5.199999999999999
2022-05-26,1010.8,24.75,23.8,4.35
2022-05-27,1010.6,24.8,23.6,2.65
2022-05-28,1009.6,24.7,23.799999999999997,3.9
2022-05-29,1008.4,25.0,23.85,2.75
2022-05-30,1007.5,25.299999999999997,24.299999999999997,3.55
2022-05-31,1007.4,24.6,23.85,3.05
2022-06-01,1007.7,24.2,23.799999999999997,2.4
2022-06-02,1008.8,24.950000000000003,23.75,2.5
2022-06-03,1009.4,24.4,23.45,1.9500000000000002
2022-06-04,1009.2,24.700000000000003,23.799999999999997,3.15
2022-06-05,1009.0,24.9,23.95,3.75
2022-06-06,1009.3,24.65,23.9,2.95
2022-06-07,1009.4,25.0,23.65,2.9000000000000004
2022-06-08,1008.75,25.200000000000003,23.35,3.95
2022-06-09,1008.95,24.6,23.8,2.7
2022-06-10,1010.5999999999999,23.35,22.799999999999997,1.85
2022-06-11,,,,
2022-06-12,,,,
2022-06-13,,,,
2022-06-14,,,,
2022-06-15,,,,
2022-06-16,,,,
2022-06-17,,,,
2022-06-18,,,,
2022-06-19,,,,
2022-06-20,1008.5,30.7,24.2,4.9
2022-06-21,1009.3,24.700000000000003,23.05,4.65
2022-06-22,1009.4,25.25,22.55,4.35
2022-06-23,1009.1500000000001,26.75,22.5,4.8
2022-06-24,1009.2,27.549999999999997,23.65,4.85
2022-06-25,1009.0,26.55,23.35,4.45
2022-06-26,1008.8,27.85,23.6,2.95
2022-06-27,1008.6500000000001,27.6,23.0,3.5
2022-06-28,1009.6,27.450000000000003,23.6,4.6
2022-06-29,1010.8,25.7,23.55,3.35
2022-06-30,1010.35,26.1,23.0,2.7
2022-07-01,1009.6,26.4,23.6,4.0
2022-07-02,1010.2,25.45,23.7,3.5999999999999996
2022-07-03,1011.0,24.7,23.8,4.199999999999999
2022-07-04,1011.45,24.4,23.15,4.199999999999999
2022-07-05,1009.75,25.85,23.65,3.0
2022-07-06,1009.75,26.75,23.0,4.2
2022-07-07,1010.3,24.7,23.4,3.9000000000000004
2022-07-08,1011.5,25.8,23.2,4.05
2022-07-09,1011.25,25.65,23.1,4.75
2022-07-10,1009.8,26.35,23.1,3.1
2022-07-11,1008.7,27.549999999999997,23.299999999999997,3.8499999999999996
2022-07-12,1009.3499999999999,26.549999999999997,23.8,4.45
2022-07-13,1009.6500000000001,25.5,23.65,3.8499999999999996
2022-07-14,1009.55,25.95,23.65,3.3499999999999996
2022-07-15,1009.55,26.15,24.05,3.95
2022-07-16,1009.0,26.65,23.4,3.3
2022-07-17,1009.75,27.85,24.200000000000003,4.2
2022-07-18,1010.25,26.549999999999997,24.25,5.75
2022-07-19,1011.05,25.0,23.25,3.9
2022-07-20,1009.5,27.05,23.4,3.8
2022-07-21,1008.8,27.549999999999997,23.6,4.25
2022-07-22,1008.75,27.85,22.9,4.300000000000001
2022-07-23,1008.4,28.15,24.05,4.6
2022-07-24,1008.7,27.85,24.0,4.7
2022-07-25,1009.1,27.4,24.0,4.3
2022-07-26,1009.7,27.15,23.75,4.3
2022-07-27,1009.7,27.75,23.4,4.85
2022-07-28,1009.0,27.4,22.7,4.8
2022-07-29,1009.7,27.299999999999997,23.65,4.85
2022-07-30,1010.25,25.05,23.6,4.55
2022-07-31,1010.75,24.85,23.45,3.05
2022-08-01,1010.1,25.3,23.6,4.1
2022-08-02,1008.7,27.55,23.0,3.8499999999999996
2022-08-03,1008.3,27.5,23.65,6.0
2022-08-04,1008.8499999999999,26.85,23.7,5.5
2022-08-05,1008.75,27.15,23.0,3.5
2022-08-06,1008.3,28.1,22.95,5.65
2022-08-07,1008.7,27.35,23.25,5.2
2022-08-08,1008.6500000000001,27.75,23.3,3.8499999999999996
2022-08-09,1009.75,28.15,23.8,4.9
2022-08-10,1010.8,27.35,23.5,4.7
2022-08-11,1010.35,26.0,23.15,4.7
2022-08-12,1011.15,28.0,23.5,4.25
2022-08-13,1011.5,28.15,22.9,5.95
2022-08-14,1011.25,27.6,22.9,5.949999999999999
2022-08-15,1009.6500000000001,26.75,23.45,3.9
2022-08-16,1009.1500000000001,28.0,23.05,3.7
2022-08-17,1008.45,28.049999999999997,23.5,5.0
2022-08-18,1009.05,26.049999999999997,23.25,5.25
2022-08-19,1010.4,25.65,23.6,4.2
2022-08-20,1009.4,25.9,23.6,4.85
2022-08-21,1009.75,26.15,23.200000000000003,3.75
2022-08-22,1009.35,26.950000000000003,23.5,4.6
2022-08-23,1009.9,25.35,22.85,5.050000000000001
2022-08-24,1010.55,24.85,23.6,4.6
2022-08-25,1011.0,25.25,23.3,3.8
2022-08-26,1010.75,25.25,22.85,3.35
2022-08-27,1009.2,27.35,23.1,4.3
2022-08-28,1009.1500000000001,27.6,23.35,4.9
2022-08-29,1009.25,27.9,23.9,5.0
2022-08-30,1009.4,26.35,23.55,4.75
2022-08-31,1009.8,24.75,23.65,4.0
2022-09-01,1008.4,27.2,23.5,4.0
2022-09-02,1008.55,27.65,23.65,5.35
2022-09-03,1009.4,28.5,23.75,4.8
2022-09-04,1009.25,26.95,23.55,5.7
2022-09-05,1010.2,26.25,24.05,4.800000000000001
2022-09-06,1011.05,25.8,23.8,4.9
2022-09-07,1010.8,25.55,23.75,4.699999999999999
2022-09-08,1009.15,26.85,23.6,4.35
2022-09-09,1009.5,28.0,23.0,5.1
2022-09-10,1010.55,27.8,23.3,4.9
2022-09-11,1009.8499999999999,27.9,22.95,5.0
2022-09-12,1009.2,27.700000000000003,23.200000000000003,5.35
2022-09-13,1008.35,26.5,23.5,5.199999999999999
2022-09-14,1009.5,25.35,23.9,4.300000000000001
2022-09-15,1009.2,26.049999999999997,23.5,4.9
2022-09-16,1009.35,28.2,23.1,4.4
2022-09-17,1008.55,28.1,22.4,6.55
2022-09-18,1008.2,25.55,22.8,4.95
2022-09-19,1007.95,27.05,23.55,4.5
2022-09-20,1007.75,26.15,23.45,5.45
2022-09-21,1007.9,27.9,23.3,5.6
2022-09-22,1008.7,28.3,22.8,5.15
2022-09-23,1009.0,27.8,22.4,4.7
2022-09-24,1008.75,26.9,22.75,4.65
2022-09-25,1008.2,25.95,23.4,4.7
2022-09-26,1009.05,27.700000000000003,22.95,5.05
2022-09-27,1009.1,27.700000000000003,23.05,5.8
2022-09-28,1008.4,26.700000000000003,23.6,5.05
2022-09-29,1008.05,25.4,23.55,4.05
2022-09-30,1008.7,25.2,23.1,4.4
2022-10-01,1008.75,24.05,23.4,3.8499999999999996
2022-10-02,1009.75,25.4,23.55,4.35
2022-10-03,1010.2,25.0,23.1,4.4
2022-10-04,1008.5,24.7,22.85,4.9
2022-10-05,1007.8499999999999,27.2,23.25,4.0
2022-10-06,1007.7,28.0,23.4,5.6
2022-10-07,1008.0,28.1,22.7,6.15
2022-10-08,1007.35,27.200000000000003,23.3,5.05
2022-10-09,1007.1500000000001,26.2,23.9,4.800000000000001
2022-10-10,1008.5,27.85,23.5,4.800000000000001
2022-10-11,1009.2,27.7,23.3,5.300000000000001
2022-10-12,1007.1500000000001,27.35,23.6,4.9
2022-10-13,1007.6,27.9,23.8,4.95
2022-10-14,1008.75,28.2,23.7,4.75
2022-10-15,1008.9,28.5,23.5,5.1
2022-10-16,1007.1500000000001,26.45,24.0,4.7
2022-10-17,1007.0,27.049999999999997,23.5,4.1
2022-10-18,1008.2,27.35,23.7,4.5
2022-10-19,1008.55,28.2,23.2,5.4
2022-10-20,1007.75,28.4,23.3,5.6
2022-10-21,1006.4000000000001,26.4,23.5,4.75
2022-10-22,1007.75,26.75,24.0,3.9000000000000004
2022-10-23,1008.25,26.549999999999997,23.6,5.199999999999999
2022-10-24,1007.8,27.85,23.45,5.300000000000001
2022-10-25,1007.4,27.9,23.2,4.4
2022-10-26,1007.9,26.6,23.7,4.3
2022-10-27,1007.6,26.25,23.6,4.55
2022-10-28,1007.0999999999999,28.35,22.7,5.75
2022-10-29,1006.2,28.549999999999997,22.9,6.25
2022-10-30,1005.3,27.2,23.75,5.3
2022-10-31,1007.05,28.549999999999997,23.700000000000003,5.1
2022-11-01,1007.7,28.45,24.3,4.800000000000001
2022-11-02,1008.7,28.55,24.1,3.55
2022-11-03,1008.6,27.05,24.5,3.3499999999999996
2022-11-04,1008.6,24.9,23.8,2.2
2022-11-05,1008.75,24.6,23.7,3.0
2022-11-06,1009.55,25.05,23.5,3.75
2022-11-07,1008.8,26.3,23.6,3.6
2022-11-08,1009.9,23.8,23.0,3.8
2022-11-09,1009.7,26.6,22.700000000000003,2.95
2022-11-10,1009.2,25.8,22.9,5.0
2022-11-11,1007.7,27.2,23.8,4.6
2022-11-12,1007.4,26.7,23.8,4.9
2022-11-13,1007.2,26.5,23.95,3.7
2022-11-14,1008.2,27.35,24.0,4.95
2022-11-15,1008.6,28.4,23.75,4.85
2022-11-16,1008.2,27.9,23.299999999999997,4.65
2022-11-17,1007.8,26.950000000000003,23.85,4.85
2022-11-18,1007.3,26.95,23.7,4.5
2022-11-19,1008.3,25.4,23.7,4.45
2022-11-20,1007.4,27.6,23.45,5.0
2022-11-21,1006.45,26.15,23.7,5.05
2022-11-22,1006.45,27.450000000000003,24.299999999999997,4.8
2022-11-23,1005.9,26.6,24.0,5.4
2022-11-24,1006.3,26.4,23.7,3.1
2022-11-25,1008.1,27.35,23.2,4.7
2022-11-26,1008.2,26.2,23.6,4.5
2022-11-27,1007.8,26.4,23.8,3.9
2022-11-28,1006.1,26.7,23.8,3.9
2022-11-29,1004.45,25.35,23.6,4.35
2022-11-30,1004.65,26.4,23.4,2.5
2022-12-01,1005.4,26.4,24.1,4.3
2022-12-02,1005.6,25.9,24.1,5.5
2022-12-03,1006.2,24.4,23.85,3.3499999999999996
2022-12-04,1005.55,24.45,23.7,2.3
2022-12-05,1007.0,24.35,23.6,2.3
2022-12-06,1008.05,27.15,23.4,3.95
2022-12-07,1007.9,27.7,23.85,5.1
2022-12-08,1006.5999999999999,26.6,23.7,4.85
2022-12-09,1007.4,26.45,24.2,4.15
2022-12-10,1007.95,25.4,23.55,4.05
2022-12-11,1008.25,25.95,24.1,3.05
2022-12-12,1007.6,25.9,23.9,4.25
2022-12-13,1007.4,27.65,23.05,4.6
2022-12-14,1007.55,26.25,23.5,4.2
2022-12-15,1008.2,26.5,24.2,3.8
2022-12-16,1006.7,28.5,23.75,4.8
2022-12-17,1005.5,26.8,23.8,4.6
2022-12-18,1006.6,25.700000000000003,24.1,3.3
2022-12-19,1007.8499999999999,25.35,24.3,3.35
2022-12-20,1008.3,25.25,23.8,3.75
2022-12-21,1007.95,26.55,23.6,3.9499999999999997
2022-12-22,1007.8499999999999,25.450000000000003,23.9,3.1
2022-12-23,1009.8,24.1,23.5,2.0
2022-12-24,1008.3,25.35,23.6,3.3
2022-12-25,1007.1,25.25,23.85,3.4
2022-12-26,1007.6,27.700000000000003,23.6,3.5
2022-12-27,1008.45,26.5,24.299999999999997,3.55
2022-12-28,1008.9,24.9,24.1,4.3
2022-12-29,1009.95,24.1,23.65,1.75
2022-12-30,1009.4,25.25,23.6,2.35
2022-12-31,1008.4,26.5,24.1,4.5
