Data Medicao,PRECIPITACAO_TOTAL_mm,TEMPERATURA_MEDIA_C,UMIDADE_RELATIVA_DO_AR_%
2018-01-01,9.6,21.595833,86.791667
2018-01-02,7.4,20.579167,91.541667
2018-01-03,30,20.7875,91.958333
2018-01-04,17.4,23.254167,71.166667
2018-01-05,0,23.433333,71.5
2018-01-06,0,21.6875,83.625
2018-01-07,2.8,19.133333,88.625
2018-01-08,2.6,19.516667,89.833333
2018-01-09,3.4,20.9625,83.708333
2018-01-10,.2,23.154167,72.583333
2018-01-11,.4,22.579167,75.208333
2018-01-12,33.6,19.65,86.291667
2018-01-13,20.4,20.7875,82.041667
2018-01-14,37.2,22.0375,77.125
2018-01-15,4.2,22.5625,79
2018-01-16,1.6,22.75,80.083333
2018-01-17,0,23.895833,73.416667
2018-01-18,4.4,24.7625,70.375
2018-01-19,1.8,23.8375,71.166667
2018-01-20,.8,23.891667,70.791667
2018-01-21,2,24.541667,66.416667
2018-01-22,0,25.4375,62.25
2018-01-23,0,26.033333,59.875
2018-01-24,1.4,24.3,66.416667
2018-01-25,1.6,24.308333,71.083333
2018-01-26,0,23.241667,77
2018-01-27,3.2,23.3125,73.25
2018-01-28,0,23.079167,78.416667
2018-01-29,37.2,23.129167,81.833333
2018-01-30,23.8,21.683333,89.583333
2018-01-31,6.2,21.554167,70.875
2018-02-01,0,22.379167,65
2018-02-02,0,22.475,71.625
2018-02-03,0,23.254167,70.166667
2018-02-04,0,21.945833,66.541667
2018-02-05,0,21.716667,70.041667
2018-02-06,2,21.6125,73.041667
2018-02-07,0,22.766667,61.875
2018-02-08,0,23.2875,55.25
2018-02-09,0,24.920833,58.75
2018-02-10,.2,23.4125,73.791667
2018-02-11,0,24.775,73.25
2018-02-12,.8,24.158333,75.5
2018-02-13,0,23.345833,75.958333
2018-02-14,.6,19.029167,89.083333
2018-02-15,23.2,20.5625,81.916667
2018-02-16,0,22.175,75.041667
2018-02-17,4.4,22.175,72.833333
2018-02-18,0,21.379167,78.583333
2018-02-19,0,21.35,81.625
2018-02-20,6.2,21.579167,88.041667
2018-02-21,14.4,22.6875,80.25
2018-02-22,0,23.254167,73.25
2018-02-23,6.2,23.704167,69.958333
2018-02-24,0,22.891667,69.166667
2018-02-25,0,23.216667,67.083333
2018-02-26,0,20.679167,86
2018-02-27,53.6,20.145833,91.875
2018-02-28,18.8,23.2,76.041667
2018-03-01,.6,22.958333,81.666667
2018-03-02,13.2,23.5625,76.541667
2018-03-03,2.4,22.9375,80.083333
2018-03-04,21.6,24.941667,74.291667
2018-03-05,0,24.983333,69.291667
2018-03-06,0,25.233333,71.083333
2018-03-07,0,24.279167,77.125
2018-03-08,28.8,22.975,80.458333
2018-03-09,0,23.116667,75.625
2018-03-10,2.4,22.15,81
2018-03-11,14.6,23.6375,74.583333
2018-03-12,0,24.5875,71.75
2018-03-13,0,25.258333,69.333333
2018-03-14,0,26.320833,65.083333
2018-03-15,0,24.783333,71.083333
2018-03-16,0,22.804167,83.041667
2018-03-17,12.2,22.741667,82.75
2018-03-18,1.6,24.675,72.291667
2018-03-19,0,24.525,71.708333
2018-03-20,0,23.825,79.125
2018-03-21,36.4,22.541667,82.125
2018-03-22,64.4,22.425,78.208333
2018-03-23,0,23.991667,74.75
2018-03-24,1.8,23.766667,70.5
2018-03-25,0,23.754167,68.125
2018-03-26,0,22.1625,77.625
2018-03-27,16.6,22.433333,76.375
2018-03-28,0,23.054167,67.125
2018-03-29,0,23.25,67.958333
2018-03-30,.2,23.266667,67.291667
2018-03-31,0,22.666667,72.833333
2018-04-01,3.6,20.8875,86.458333
2018-04-02,4.4,21.15,87.833333
2018-04-03,2.2,21.3125,86.583333
2018-04-04,2.2,21.225,81.5
2018-04-05,0,21.3375,71.875
2018-04-06,.2,21.5875,68.208333
2018-04-07,0,22.4,67.708333
2018-04-08,0,23.004167,69.041667
2018-04-09,0,23.0875,68
2018-04-10,0,22.6875,67.833333
2018-04-11,0,22.066667,65.5
2018-04-12,0,21.25,66.083333
2018-04-13,0,22.108333,66.708333
2018-04-14,0,22.366667,68.75
2018-04-15,0,20.679167,76.083333
2018-04-16,0,19.458333,77.333333
2018-04-17,0,19.575,69.708333
2018-04-18,0,19.291667,65.791667
2018-04-19,0,19.654167,60.708333
2018-04-20,0,20.2125,50.875
2018-04-21,0,18.3375,52.791667
2018-04-22,0,20.479167,66
2018-04-23,0,20.520833,63.583333
2018-04-24,0,21.016667,63.666667
2018-04-25,0,21.416667,65.208333
2018-04-26,0,22.004167,63.916667
2018-04-27,0,22.683333,62.791667
2018-04-28,0,22.266667,64.375
2018-04-29,0,21.8625,61.791667
2018-04-30,0,22.341667,53.541667
2018-05-01,0,21.420833,57.291667
2018-05-02,0,22.120833,59.625
2018-05-03,0,21.158333,55.25
2018-05-04,0,21.629167,53.041667
2018-05-05,0,22.945833,54.625
2018-05-06,0,22.145833,62.791667
2018-05-07,19.2,20.65,67.583333
2018-05-08,0,20.354167,69.958333
2018-05-09,0,19.745833,72.5
2018-05-10,0,19.629167,65
2018-05-11,0,20.825,61.75
2018-05-12,0,21.116667,66.208333
2018-05-13,0,20.666667,72.208333
2018-05-14,0,20.329167,71.25
2018-05-15,.2,20.15,77.375
2018-05-16,4.8,19.025,82.583333
2018-05-17,0,20.716667,77.416667
2018-05-18,.4,21.5,69.041667
2018-05-19,0,17.9875,81.666667
2018-05-20,9.4,12.629167,74.041667
2018-05-21,.2,11.670833,70.625
2018-05-22,0,14.1125,64.041667
2018-05-23,0,15.945833,60.083333
2018-05-24,0,18.308333,61.333333
2018-05-25,0,18.341667,66.458333
2018-05-26,0,18.654167,66.208333
2018-05-27,0,18.329167,64
2018-05-28,0,17.429167,62.041667
2018-05-29,0,17.05,60.375
2018-05-30,0,17.391667,57.375
2018-05-31,0,16.475,55.541667
2018-06-01,0,17.554167,55.625
2018-06-02,0,19.379167,58.875
2018-06-03,0,19.766667,73.291667
2018-06-04,0,16.658333,75.625
2018-06-05,0,18.379167,75.25
2018-06-06,.2,18.35,84.791667
2018-06-07,.2,19.316667,79.625
2018-06-08,0,15.720833,78.375
2018-06-09,0,17.445833,72.25
2018-06-10,0,20.9875,72.166667
2018-06-11,0,21.9375,69.166667
2018-06-12,0,22.233333,65.166667
2018-06-13,0,21.279167,75.208333
2018-06-14,0,20.3625,79.375
2018-06-15,0,17.891667,77.625
2018-06-16,0,15.970833,82.5
2018-06-17,0,17.4625,74.25
2018-06-18,0,17.8625,75.166667
2018-06-19,0,18.0875,72.708333
2018-06-20,0,18.245833,67.416667
2018-06-21,0,18.679167,62.333333
2018-06-22,0,18.179167,64
2018-06-23,0,21.441667,48.333333
2018-06-24,0,22.479167,47.166667
2018-06-25,0,20.045833,50.791667
2018-06-26,0,19.195833,50.041667
2018-06-27,0,19.8,50.041667
2018-06-28,0,19.95,56.583333
2018-06-29,0,19.579167,52.75
2018-06-30,0,18.925,56.416667
2018-07-01,0,19.004167,56.958333
2018-07-02,0,19.65,55.333333
2018-07-03,0,19.766667,55.541667
2018-07-04,0,19.420833,63.541667
2018-07-05,0,19.925,54.708333
2018-07-06,0,19.579167,55.5
2018-07-07,0,18.975,54.083333
2018-07-08,0,18.025,54.416667
2018-07-09,0,19.3,54.416667
2018-07-10,0,15.058333,76.5
2018-07-11,NA,NA,51.846154
2018-07-12,NA,NA,46.933333
2018-07-13,NA,NA,NA
2018-07-14,NA,NA,NA
2018-07-15,NA,NA,NA
2018-07-16,NA,NA,35
2018-07-17,NA,NA,NA
2018-07-18,NA,NA,NA
2018-07-19,NA,NA,47.166667
2018-07-20,NA,NA,47.615385
2018-07-21,NA,NA,42.615385
2018-07-22,NA,NA,NA
2018-07-23,NA,NA,NA
2018-07-24,NA,NA,NA
2018-07-25,NA,NA,NA
2018-07-26,NA,NA,40.833333
2018-07-27,NA,NA,NA
2018-07-28,NA,NA,NA
2018-07-29,NA,NA,NA
2018-07-30,NA,NA,NA
2018-07-31,NA,NA,NA
2018-08-01,NA,NA,NA
2018-08-02,NA,NA,66.538462
2018-08-03,1.2,NA,86.8
2018-08-04,NA,NA,75.285714
2018-08-05,NA,NA,NA
2018-08-06,NA,NA,NA
2018-08-07,NA,NA,NA
2018-08-08,NA,NA,NA
2018-08-09,NA,NA,NA
2018-08-10,NA,NA,NA
2018-08-11,NA,NA,NA
2018-08-12,NA,NA,47.333333
2018-08-13,NA,NA,43.846154
2018-08-14,NA,NA,NA
2018-08-15,NA,NA,NA
2018-08-16,NA,NA,66.583333
2018-08-17,NA,NA,63.714286
2018-08-18,0,17.975,68.25
2018-08-19,0,19.8,57.791667
2018-08-20,0,NA,45.842105
2018-08-21,NA,NA,NA
2018-08-22,NA,NA,NA
2018-08-23,NA,NA,NA
2018-08-24,NA,NA,NA
2018-08-25,NA,NA,NA
2018-08-26,NA,NA,69.461538
2018-08-27,NA,NA,69.411765
2018-08-28,NA,NA,60.875
2018-08-29,NA,NA,51.529412
2018-08-30,NA,NA,NA
2018-08-31,NA,NA,35.25
2018-09-01,NA,NA,NA
2018-09-02,NA,NA,NA
2018-09-03,NA,NA,NA
2018-09-04,NA,NA,NA
2018-09-05,NA,NA,NA
2018-09-06,NA,NA,NA
2018-09-07,NA,NA,NA
2018-09-08,NA,NA,NA
2018-09-09,NA,NA,NA
2018-09-10,NA,NA,NA
2018-09-11,1,21.016667,55.166667
2018-09-12,0,20.65,58.291667
2018-09-13,0,22.183333,57.458333
2018-09-14,.6,17.958333,80.375
2018-09-15,16.2,18.2125,87.791667
2018-09-16,.2,19.420833,74.458333
2018-09-17,11.6,16.75,88.125
2018-09-18,4.2,18.85,89.541667
2018-09-19,1.8,22.141667,73.458333
2018-09-20,6,18.841667,83.083333
2018-09-21,11,20.770833,76.625
2018-09-22,0,22.870833,56.208333
2018-09-23,0,24.520833,45.75
2018-09-24,0,27.004167,36.875
2018-09-25,0,24.3,49.625
2018-09-26,1.4,23.5625,60.041667
2018-09-27,1.4,23.458333,67.833333
2018-09-28,0,21.845833,75.5
2018-09-29,1.4,23.325,66.708333
2018-09-30,0,21.270833,77.5
2018-10-01,2.2,22.370833,73.208333
2018-10-02,0,24.329167,62.208333
2018-10-03,0,24.8125,60.708333
2018-10-04,2.6,23.345833,72.375
2018-10-05,.2,21.65,70.458333
2018-10-06,0,19.170833,74.25
2018-10-07,0,20.366667,82.375
2018-10-08,18,20.5375,88.791667
2018-10-09,24,22.3875,79
2018-10-10,38.6,22.145833,80.916667
2018-10-11,22,20.808333,83.916667
2018-10-12,0,22.991667,73.791667
2018-10-13,.8,24.858333,67.583333
2018-10-14,.4,23.504167,74.583333
2018-10-15,5,21.904167,80.5
2018-10-16,8.4,24.116667,73.25
2018-10-17,45.4,22.4125,79.75
2018-10-18,20.4,23.933333,70.458333
2018-10-19,47.8,21.420833,79.916667
2018-10-20,0,19.391667,64.75
2018-10-21,0,19.054167,61.25
2018-10-22,0,21.345833,64.375
2018-10-23,0,24.241667,58.208333
2018-10-24,2.2,20.025,84.166667
2018-10-25,9,19.6625,92.166667
2018-10-26,20,20.854167,86.833333
2018-10-27,2.2,21.183333,88.458333
2018-10-28,3.4,20.270833,72.625
2018-10-29,0,19.408333,62.833333
2018-10-30,0,22.920833,63.541667
2018-10-31,0,24.8625,63.208333
2018-11-01,0,22.983333,69.041667
2018-11-02,0,24.35,65.958333
2018-11-03,0,24.566667,68.583333
2018-11-04,12.8,21.7,77.041667
2018-11-05,1.6,20.404167,74.791667
2018-11-06,0,21.908333,73.541667
2018-11-07,0,20.775,81.416667
2018-11-08,5,17.666667,88.416667
2018-11-09,8.4,17.741667,86.166667
2018-11-10,5.8,19.2625,89.25
2018-11-11,3.8,22.495833,77.166667
2018-11-12,0,24.391667,68.958333
2018-11-13,2.6,24.616667,65.791667
2018-11-14,0,24.225,68.541667
2018-11-15,5.4,25.025,70.083333
2018-11-16,0,24.666667,71.916667
2018-11-17,0,23.275,70.666667
2018-11-18,0,22.3125,80.458333
2018-11-19,38.4,19.208333,91.875
2018-11-20,11.2,18.895833,81.166667
2018-11-21,0,19.5875,80.541667
2018-11-22,7,20.8,81.541667
2018-11-23,0,21.416667,80.375
2018-11-24,43,19.695833,91.416667
2018-11-25,10.4,21.141667,84.791667
2018-11-26,.2,21.525,77.375
2018-11-27,0,21.5375,66.25
2018-11-28,3.8,22.9875,64.5
2018-11-29,0,23.904167,60.583333
2018-11-30,0,24.133333,65.791667
2018-12-01,5,21.320833,88.916667
2018-12-02,46.2,22.358333,79.458333
2018-12-03,0,21.766667,72.041667
2018-12-04,0,23.020833,65.125
2018-12-05,0,24.670833,61.75
2018-12-06,0,25.5,60
2018-12-07,0,23.8375,66.333333
2018-12-08,0,19.308333,68.541667
2018-12-09,0,20.508333,56.958333
2018-12-10,0,23.070833,58.291667
2018-12-11,0,24.7875,50.083333
2018-12-12,0,25.920833,47
2018-12-13,0,25.2125,56.041667
2018-12-14,0,23.866667,65.041667
2018-12-15,18.6,24.425,69.333333
2018-12-16,4.6,25.675,61.791667
2018-12-17,0,26.525,62.291667
2018-12-18,0,26.625,65.583333
2018-12-19,10.4,23.491667,76.708333
2018-12-20,0,26.2125,63.125
2018-12-21,0,26.066667,60.416667
2018-12-22,0,26.120833,61.166667
2018-12-23,14.8,22.808333,81
2018-12-24,0,22.8625,79.75
2018-12-25,28.4,21.325,84.416667
2018-12-26,1.4,21.2125,85.375
2018-12-27,5,22.5375,80.416667
2018-12-28,15.6,22.395833,78.166667
2018-12-29,2.8,23.279167,78.791667
2018-12-30,11.4,23.35,80.833333
2018-12-31,19,24.783333,67.416667
2019-01-01,0,23.166667,77.708333
2019-01-02,33.4,24.529167,74.5
2019-01-03,0,24.083333,76.541667
2019-01-04,15,22.179167,87.875
2019-01-05,28.8,20.654167,91.833333
2019-01-06,2.4,21.5375,88.416667
2019-01-07,7.6,24.4375,70.666667
2019-01-08,.2,25.55,67.791667
2019-01-09,0,25.8875,60.833333
2019-01-10,0,25.883333,55.041667
2019-01-11,0,25.641667,59.375
2019-01-12,0,23.016667,75.875
2019-01-13,15.6,24.845833,66.333333
2019-01-14,0,25.525,65.5
2019-01-15,16,24.620833,68.416667
2019-01-16,0,25.308333,68.958333
2019-01-17,2.2,23.6,67.416667
2019-01-18,0,25.5875,67.708333
2019-01-19,9.2,24.795833,70.625
2019-01-20,0,25.591667,67
2019-01-21,.2,25.95,68.041667
2019-01-22,2.2,26.7125,63.041667
2019-01-23,0,25.845833,68.041667
2019-01-24,0,23.779167,69.125
2019-01-25,.2,23.254167,72.958333
2019-01-26,9.4,21.316667,73.791667
2019-01-27,6.8,22.15,73.333333
2019-01-28,.2,24.825,60.916667
2019-01-29,0,26.591667,53.041667
2019-01-30,0,26.975,52
2019-01-31,0,26.4875,55.208333
2019-02-01,0,27.195833,51.416667
2019-02-02,0,27.270833,54.208333
2019-02-03,7.8,26.866667,59.625
2019-02-04,42.4,21.895833,80
2019-02-05,0,21.4875,72.625
2019-02-06,0,20.808333,82.791667
2019-02-07,3.8,21.2625,79.041667
2019-02-08,0,24.1625,62.666667
2019-02-09,0,25.504167,56.416667
2019-02-10,0,25.816667,58.75
2019-02-11,1.6,25.541667,70.333333
2019-02-12,5.4,22.991667,79.958333
2019-02-13,38.8,21.208333,86.041667
2019-02-14,0,21.804167,75.291667
2019-02-15,0,21.633333,85.666667
2019-02-16,21.6,20.120833,93
2019-02-17,8,21.141667,87.583333
2019-02-18,0,22.483333,81.25
2019-02-19,0,22.5375,79.25
2019-02-20,1.2,22.179167,79.958333
2019-02-21,1.6,21.879167,82.458333
2019-02-22,5.2,21.7125,84.666667
2019-02-23,3,23.958333,72.708333
2019-02-24,.2,23.783333,74.708333
2019-02-25,18.6,24.054167,74.625
2019-02-26,4,22.2,84.458333
2019-02-27,16.8,20.866667,88.208333
2019-02-28,44.8,20.6625,91.625
2019-03-01,56.2,20.808333,90
2019-03-02,19,20.858333,91.666667
2019-03-03,3,22.158333,84.708333
2019-03-04,.8,21.65,79.416667
2019-03-05,0,22.145833,79.333333
2019-03-06,6.2,23.279167,75.125
2019-03-07,0,22.675,80.208333
2019-03-08,1.6,24.0375,71.75
2019-03-09,0,24.745833,72.916667
2019-03-10,15.2,23.275,77.416667
2019-03-11,22.2,22.120833,80.541667
2019-03-12,0,23.325,72.666667
2019-03-13,6.2,23.145833,80.666667
2019-03-14,17,21.958333,85.375
2019-03-15,3.2,23.041667,78.833333
2019-03-16,0,23.004167,80.875
2019-03-17,6,23.1375,81.75
2019-03-18,.2,23.554167,82.625
2019-03-19,2,24.2,77.625
2019-03-20,0,23.879167,78.833333
2019-03-21,30.2,20.3,85.083333
2019-03-22,0,19.879167,78.875
2019-03-23,0,21.716667,74.458333
2019-03-24,0,22.716667,72.791667
2019-03-25,0,23.6875,67.041667
2019-03-26,0,24.429167,62
2019-03-27,0,23.6375,69.083333
2019-03-28,0,22.670833,72.208333
2019-03-29,0,21.708333,70.791667
2019-03-30,0,21.916667,67.083333
2019-03-31,0,22.404167,66.791667
2019-04-01,0,23.116667,62.625
2019-04-02,0,23.220833,66.208333
2019-04-03,0,24.383333,51.583333
2019-04-04,0,24.0125,60.458333
2019-04-05,0,23.616667,76.375
2019-04-06,14,24.0375,78.666667
2019-04-07,8.4,23.183333,84.416667
2019-04-08,59.8,19.704167,93.125
2019-04-09,10.2,20.008333,84.875
2019-04-10,0,20.670833,78.083333
2019-04-11,0,21.520833,75.083333
2019-04-12,0,22.825,70.375
2019-04-13,0,22.358333,74.708333
2019-04-14,63.4,19.654167,91.458333
2019-04-15,14,22.116667,80.125
2019-04-16,0,23.0875,80.208333
2019-04-17,.2,22.1625,81.416667
2019-04-18,0,20.579167,67.791667
2019-04-19,0,20.104167,64
2019-04-20,0,20.8125,62.875
2019-04-21,0,21.858333,61.458333
2019-04-22,0,22.816667,62.791667
2019-04-23,0,22.745833,73.958333
2019-04-24,0,23.204167,76.708333
2019-04-25,0,23.75,71.666667
2019-04-26,0,23.579167,71.625
2019-04-27,0,23.8125,70.166667
2019-04-28,0,22.691667,73.416667
2019-04-29,25.8,21.183333,79.541667
2019-04-30,.2,20.566667,71
2019-05-01,0,21.45,65.791667
2019-05-02,0,21.9375,70.125
2019-05-03,0,23.495833,69.583333
2019-05-04,0,23.591667,73.958333
2019-05-05,0,22.95,72.75
2019-05-06,0,23.370833,71.5
2019-05-07,0,21.554167,79.208333
2019-05-08,1,21.195833,76.875
2019-05-09,0,20.6125,78.791667
2019-05-10,19.8,21.579167,82.708333
2019-05-11,0,22.295833,81.208333
2019-05-12,0,23.170833,78.416667
2019-05-13,.2,23.183333,74.25
2019-05-14,0,21.704167,80.416667
2019-05-15,0,18.85,76.083333
2019-05-16,0,18.695833,78.333333
2019-05-17,0,17.791667,84.708333
2019-05-18,14.4,17.870833,86.125
2019-05-19,0,18.1625,80.541667
2019-05-20,.2,17.279167,77.833333
2019-05-21,.2,17.845833,71.583333
2019-05-22,0,17.6125,66.208333
2019-05-23,0,18.725,65.958333
2019-05-24,0,17.816667,78.75
2019-05-25,.2,13.541667,76.666667
2019-05-26,0,15.304167,67.125
2019-05-27,0,16.291667,60.541667
2019-05-28,0,20.304167,62.375
2019-05-29,.6,21.266667,72.875
2019-05-30,0,22.458333,69.541667
2019-05-31,0,22.016667,63.458333
2019-06-01,0,20.958333,69.041667
2019-06-02,0,19.795833,77.041667
2019-06-03,5.8,17.133333,86.833333
2019-06-04,3.2,15.95,80.166667
2019-06-05,0,14.466667,69.208333
2019-06-06,0,15.279167,70.583333
2019-06-07,0,16.883333,62.916667
2019-06-08,0,15.8625,69.5
2019-06-09,0,16.0625,68.625
2019-06-10,0,16.870833,65.916667
2019-06-11,0,18.191667,62.375
2019-06-12,0,18.7375,66.083333
2019-06-13,0,20.3,67.791667
2019-06-14,0,21.466667,60.333333
2019-06-15,0,18.845833,60.958333
2019-06-16,0,19.283333,63.666667
2019-06-17,0,18.179167,66.916667
2019-06-18,0,18.05,65.791667
2019-06-19,0,18.158333,68.166667
2019-06-20,0,18.333333,68.166667
2019-06-21,0,19.004167,69.541667
2019-06-22,0,17.870833,72.291667
2019-06-23,0,17.845833,65.791667
2019-06-24,0,17.408333,66.791667
2019-06-25,0,20.158333,58.583333
2019-06-26,0,21.691667,53.708333
2019-06-27,0,20.529167,63.5
2019-06-28,0,21.529167,59.166667
2019-06-29,0,20.708333,58.541667
2019-06-30,0,20.391667,63.541667
2019-07-01,0,18.975,66.166667
2019-07-02,0,18.704167,61.875
2019-07-03,0,20.716667,55.333333
2019-07-04,0,19.829167,66.125
2019-07-05,31,15.670833,93.875
2019-07-06,3.2,10.483333,68.208333
2019-07-07,0,10.5125,61.291667
2019-07-08,0,12.5125,63.416667
2019-07-09,0,14.875,58.291667
2019-07-10,0,15.883333,57.416667
2019-07-11,0,15.5,62.291667
2019-07-12,0,17.05,52.666667
2019-07-13,0,18.020833,58.125
2019-07-14,0,19.191667,52.791667
2019-07-15,0,19.954167,51.708333
2019-07-16,2,17.016667,75.375
2019-07-17,0,12.929167,60.708333
2019-07-18,0,14.341667,64.208333
2019-07-19,0,16.133333,60.916667
2019-07-20,0,17.070833,57.458333
2019-07-21,0,17.416667,59.625
2019-07-22,0,18,64.75
2019-07-23,0,18.995833,60.833333
2019-07-24,0,19.033333,61.791667
2019-07-25,0,20.0375,58.916667
2019-07-26,0,19.820833,55
2019-07-27,0,20.15,48.583333
2019-07-28,0,19.004167,52.166667
2019-07-29,0,18.554167,62.791667
2019-07-30,0,19.283333,55.75
2019-07-31,0,19.108333,56.333333
2019-08-01,0,20.1125,49.25
2019-08-02,0,22.275,44.25
2019-08-03,3,13.770833,85.708333
2019-08-04,1.8,10.795833,90.833333
2019-08-05,13.6,12.804167,84.791667
2019-08-06,0,17.029167,74.791667
2019-08-07,0,19.616667,68.708333
2019-08-08,0,20.475,62.208333
2019-08-09,0,20.645833,58.666667
2019-08-10,0,22.683333,47.291667
2019-08-11,0,21.395833,49.458333
2019-08-12,0,22.9375,47.041667
2019-08-13,0,22.129167,55.541667
2019-08-14,0,15.35,74.791667
2019-08-15,0,15.8625,66.041667
2019-08-16,0,17.816667,55.875
2019-08-17,0,19.8375,50.041667
2019-08-18,0,21.095833,47.291667
2019-08-19,0,18.491667,68.166667
2019-08-20,5,17.891667,78.291667
2019-08-21,0,18.425,73.083333
2019-08-22,0,17.379167,68.666667
2019-08-23,0,16.208333,70.208333
2019-08-24,.4,16.754167,62.083333
2019-08-25,0,17.970833,60.083333
2019-08-26,0,19.370833,56.375
2019-08-27,0,20.770833,50.125
2019-08-28,0,20.079167,59.875
2019-08-29,0,20.654167,49.583333
2019-08-30,0,22.445833,45.75
2019-08-31,0,23.3,49.25
2019-09-01,11.6,19.625,77.125
2019-09-02,24,20.091667,79.666667
2019-09-03,7.6,20.058333,83.541667
2019-09-04,7.4,21.7625,72.75
2019-09-05,0,17.7875,78.125
2019-09-06,0,20.233333,68.75
2019-09-07,0,22.6875,62.833333
2019-09-08,0,24.775,53.208333
2019-09-09,0,24.8,45.791667
2019-09-10,0,26.120833,37.375
2019-09-11,0,26.3625,40.291667
2019-09-12,0,26.691667,36.5
2019-09-13,0,24.729167,50.958333
2019-09-14,0,23.4375,58.208333
2019-09-15,0,25.766667,49.833333
2019-09-16,0,26.070833,42.875
2019-09-17,0,26.666667,36.458333
2019-09-18,0,27.216667,32.125
2019-09-19,0,26.029167,39.291667
2019-09-20,0,24.658333,49.75
2019-09-21,.2,23.370833,66.083333
2019-09-22,0,19.741667,73.333333
2019-09-23,0,17.9125,63.666667
2019-09-24,0,20.441667,59.791667
2019-09-25,14.2,17.595833,86.583333
2019-09-26,8,17.020833,91.541667
2019-09-27,6.8,18.6875,73.416667
2019-09-28,0,19.258333,66.125
2019-09-29,0,20.845833,56.75
2019-09-30,0,22.65,47.916667
2019-10-01,0,24.316667,48.708333
2019-10-02,0,26.370833,44.416667
2019-10-03,0,26.033333,39.375
2019-10-04,0,23.133333,45.75
2019-10-05,0,25.2375,40.416667
2019-10-06,0,24.283333,56.083333
2019-10-07,16.2,21.3125,73.916667
2019-10-08,0,20.3375,80.375
2019-10-09,10.4,20.820833,81.125
2019-10-10,0,21.683333,72.958333
2019-10-11,0,23.783333,61.25
2019-10-12,0,25.754167,52
2019-10-13,0,27.054167,44.75
2019-10-14,0,26.470833,44.083333
2019-10-15,0,23.070833,63
2019-10-16,0,23.720833,60.583333
2019-10-17,0,25.195833,56.375
2019-10-18,0,25.5875,52.416667
2019-10-19,27.4,24.091667,65.916667
2019-10-20,0,21.816667,68.75
2019-10-21,.2,18.425,74.333333
2019-10-22,4,19.570833,79.583333
2019-10-23,0,23.104167,62.625
2019-10-24,0,23.970833,61.916667
2019-10-25,0,25.7,50.458333
2019-10-26,0,26.345833,46.541667
2019-10-27,0,25.7125,52.833333
2019-10-28,4.4,22.3875,72.875
2019-10-29,0,24.108333,63.75
2019-10-30,4.8,24.4,65.25
2019-10-31,1.2,24.783333,60
2019-11-01,0,25.2125,60.166667
2019-11-02,0,24.704167,60.083333
2019-11-03,0,26.066667,51.291667
2019-11-04,0,26.908333,50.916667
2019-11-05,15.6,24.579167,70.916667
2019-11-06,23.8,21.895833,79.916667
2019-11-07,0,23.054167,71.375
2019-11-08,0,21.045833,83.958333
2019-11-09,28,22.583333,77.791667
2019-11-10,6,21.804167,84.166667
2019-11-11,2.4,22.9375,75.458333
2019-11-12,0,22.9875,67
2019-11-13,0,23.254167,70.041667
2019-11-14,16.8,21.7625,81.875
2019-11-15,21.4,20.666667,88.833333
2019-11-16,2.6,21.441667,64.75
2019-11-17,0,22.204167,60.958333
2019-11-18,0,22.770833,66.333333
2019-11-19,0,23.616667,67.583333
2019-11-20,0,22.2375,75.166667
2019-11-21,2,23.508333,67.5
2019-11-22,0,23.416667,69.458333
2019-11-23,5.6,23.841667,73.166667
2019-11-24,2.6,18.633333,80.375
2019-11-25,0,20.175,72.666667
2019-11-26,0,23.854167,67.833333
2019-11-27,0,23.854167,73.625
2019-11-28,22,21.029167,85.166667
2019-11-29,0,21.2875,75.625
2019-11-30,12.4,23.383333,83.75
2019-12-01,43.8,22.279167,85.875
2019-12-02,5.4,21.791667,76.041667
2019-12-03,0,21.1375,74.166667
2019-12-04,0,22.933333,78.083333
2019-12-05,10.6,21.733333,89.333333
2019-12-06,16.6,21.333333,91.041667
2019-12-07,7.2,23.166667,67.916667
2019-12-08,0,23.608333,61.208333
2019-12-09,0,23.120833,73.25
2019-12-10,10.6,21.879167,86.541667
2019-12-11,16.6,20.391667,90.25
2019-12-12,4.8,21.620833,83.666667
2019-12-13,0,23.179167,77.708333
2019-12-14,.8,23.641667,73.916667
2019-12-15,0,24.291667,69
2019-12-16,0,25.504167,58.166667
2019-12-17,0,23.745833,69.625
2019-12-18,15,21.2875,82.833333
2019-12-19,.4,21.854167,80.25
2019-12-20,18,22.25,79.916667
2019-12-21,1.2,22.233333,78.625
2019-12-22,5,20.8875,86.458333
2019-12-23,4.6,20.270833,92.791667
2019-12-24,44.6,22.520833,70.875
2019-12-25,0,24.566667,63.333333
2019-12-26,0,24.970833,57.416667
2019-12-27,19.6,25.233333,64.916667
2019-12-28,0,24.5125,69.125
2019-12-29,9,25.083333,67.958333
2019-12-30,0,24.504167,66.666667
2019-12-31,0,24.4875,67.583333
2020-01-01,.8,24.379167,70.583333
2020-01-02,0,23.075,79.125
2020-01-03,43.6,21.229167,83.958333
2020-01-04,.2,22.125,76.458333
2020-01-05,24.8,21.404167,84.875
2020-01-06,18,21.8875,82.166667
2020-01-07,10.8,24.008333,77.625
2020-01-08,39.6,22.725,86.625
2020-01-09,10,22.770833,87.375
2020-01-10,2.4,23.754167,80.666667
2020-01-11,0,24.470833,79.375
2020-01-12,0,24.441667,79.625
2020-01-13,61.8,23.225,81.791667
2020-01-14,0,23.754167,77.208333
2020-01-15,0,25.845833,68.125
2020-01-16,0,26.4,66.541667
2020-01-17,0,23.054167,78.833333
2020-01-18,0,22.920833,72.625
2020-01-19,0,23.733333,74.833333
2020-01-20,1.2,23.225,79.25
2020-01-21,38.4,22.983333,73.5
2020-01-22,0,22.095833,78.958333
2020-01-23,13.2,20.220833,91
2020-01-24,35,21.1625,82.083333
2020-01-25,0,21.416667,68.291667
2020-01-26,0,22.879167,58.375
2020-01-27,0,23.491667,52.291667
2020-01-28,0,24.058333,64.416667
2020-01-29,2.2,23.170833,79.458333
2020-01-30,5.8,22.425,87
2020-01-31,9.2,22.725,82.5
2020-02-01,5.8,21.958333,88.75
2020-02-02,24.6,23.175,81.416667
2020-02-03,0,22.6,82.75
2020-02-04,2.2,22.716667,81.5
2020-02-05,11.8,22.6625,83.416667
2020-02-06,43.4,21.479167,88.958333
2020-02-07,55.6,20.920833,85.875
2020-02-08,.8,22.3875,77.5
2020-02-09,.6,21.629167,84.583333
2020-02-10,11.4,20.833333,93.583333
2020-02-11,39.8,19.558333,91.916667
2020-02-12,.6,19.179167,85.291667
2020-02-13,0,21.216667,77.416667
2020-02-14,0,22.866667,72.5
2020-02-15,0,24.6,69.166667
2020-02-16,0,25.65,68.208333
2020-02-17,0,24.158333,74.375
2020-02-18,9.8,24.595833,76.916667
2020-02-19,1.6,23.4875,82.541667
2020-02-20,15.6,23.854167,79.833333
2020-02-21,77.2,21.333333,91.208333
2020-02-22,2.2,22.166667,82.958333
2020-02-23,0,21.0375,76.666667
2020-02-24,3.4,21.341667,85.125
2020-02-25,8,23.254167,83.083333
2020-02-26,9.8,20.958333,93.833333
2020-02-27,108.6,20.033333,86.458333
2020-02-28,0,18.7375,89.166667
2020-02-29,5.2,20.954167,83
2020-03-01,0,21.270833,80
2020-03-02,1,20.983333,74.75
2020-03-03,0,20.483333,76.75
2020-03-04,0,21.75,71.333333
2020-03-05,0,21.891667,65.208333
2020-03-06,0,20.8625,66.166667
2020-03-07,0,21.329167,65
2020-03-08,0,22.229167,66.583333
2020-03-09,0,22.295833,67.708333
2020-03-10,0,23.795833,65.583333
2020-03-11,0,24.429167,63.583333
2020-03-12,0,24.541667,62.458333
2020-03-13,0,24.25,63.916667
2020-03-14,0,25.1125,61.916667
2020-03-15,0,24.970833,64.458333
2020-03-16,3.2,23.683333,74.291667
2020-03-17,0,23.4875,73.541667
2020-03-18,0,22.770833,79.375
2020-03-19,.4,22.733333,79.666667
2020-03-20,3.4,22.3875,85.541667
2020-03-21,21.4,21.979167,83.083333
2020-03-22,0,21.766667,66.458333
2020-03-23,0,21.033333,68.625
2020-03-24,0,20.845833,61.25
2020-03-25,0,20.7125,58.583333
2020-03-26,0,21.054167,60.5
2020-03-27,0,21.725,59.916667
2020-03-28,0,22.8875,66.875
2020-03-29,1.8,20.895833,88
2020-03-30,63.4,21.795833,80.208333
2020-03-31,.2,23.308333,73.458333
2020-04-01,0,23.8375,67.625
2020-04-02,0,24.208333,69.541667
2020-04-03,0,23.8,73.75
2020-04-04,0,21.295833,58.25
2020-04-05,0,21.85,58.458333
2020-04-06,0,23.729167,58.833333
2020-04-07,0,21.658333,77.041667
2020-04-08,1.6,21.166667,75.458333
2020-04-09,0,19.245833,63.666667
2020-04-10,0,19.354167,59.625
2020-04-11,0,20.391667,60.583333
2020-04-12,0,20.5375,65.041667
2020-04-13,0,21.0375,66.291667
2020-04-14,0,18.4625,80.583333
2020-04-15,5,18.483333,85.625
2020-04-16,.2,18.9625,74.166667
2020-04-17,0,20.525,69.666667
2020-04-18,0,19.508333,73.166667
2020-04-19,0,19.491667,74.416667
2020-04-20,0,20.020833,70.125
2020-04-21,0,20.654167,62.708333
2020-04-22,0,21.0625,55.541667
2020-04-23,0,20.116667,60.291667
2020-04-24,0,21.208333,68.166667
2020-04-25,0,21.958333,61.875
2020-04-26,0,21.029167,59.625
2020-04-27,0,20.645833,61.333333
2020-04-28,0,19.429167,60.416667
2020-04-29,0,18.283333,63.625
2020-04-30,0,18.883333,65.958333
2020-05-01,0,20.083333,65.458333
2020-05-02,0,20.358333,62.041667
2020-05-03,0,19.108333,67.041667
2020-05-04,0,17.620833,63.125
2020-05-05,0,18.954167,59.75
2020-05-06,0,20.791667,60.583333
2020-05-07,0,16.879167,74.916667
2020-05-08,0,15.820833,67.25
2020-05-09,0,16.9625,65.208333
2020-05-10,0,17.466667,58.791667
2020-05-11,0,18.158333,60.916667
2020-05-12,0,17.808333,62
2020-05-13,0,18.695833,68.125
2020-05-14,0,18.420833,81.625
2020-05-15,8,18.3625,82.083333
2020-05-16,0,18.508333,70.958333
2020-05-17,0,17.783333,62.875
2020-05-18,0,18.866667,50.625
2020-05-19,0,18.529167,64.291667
2020-05-20,0,19.9875,64.625
2020-05-21,0,19.825,64.708333
2020-05-22,0,21.083333,63.833333
2020-05-23,18.8,17.35,89.625
2020-05-24,1.8,11.458333,85.458333
2020-05-25,0,12.895833,69.958333
2020-05-26,0,12.5625,65.083333
2020-05-27,0,13.208333,62.166667
2020-05-28,0,14.795833,52.708333
2020-05-29,0,16.308333,52.416667
2020-05-30,0,15.733333,58.458333
2020-05-31,0,15.241667,63.125
2020-06-01,0,16.120833,66.875
2020-06-02,0,16.9125,68.833333
2020-06-03,.6,18.65,73.375
2020-06-04,1.4,19.945833,76.541667
2020-06-05,.2,20.4875,76.541667
2020-06-06,0,21.254167,69.208333
2020-06-07,6.6,19.466667,86
2020-06-08,.2,20.308333,79.625
2020-06-09,.2,20.4375,79.583333
2020-06-10,2.6,21.508333,71.125
2020-06-11,0,21.454167,63.166667
2020-06-12,0,20.2875,67.375
2020-06-13,0,21.2,60.333333
2020-06-14,0,19.275,72.333333
2020-06-15,0,17.845833,74.125
2020-06-16,0,17.9375,72.208333
2020-06-17,0,18.229167,72.208333
2020-06-18,0,18.020833,67.291667
2020-06-19,0,17.1375,71.458333
2020-06-20,0,18.520833,67.541667
2020-06-21,0,20.625,63.333333
2020-06-22,0,18.845833,61.875
2020-06-23,0,17.5625,61.75
2020-06-24,0,18.966667,56.708333
2020-06-25,0,20.520833,60.708333
2020-06-26,0,19.866667,73.833333
2020-06-27,10,15.554167,89.875
2020-06-28,7.2,15.495833,80.25
2020-06-29,0,16.941667,74.791667
2020-06-30,.2,19.1625,66.041667
2020-07-01,.2,16.3375,66.041667
2020-07-02,.6,12.454167,63.291667
2020-07-03,0,14.495833,59.333333
2020-07-04,0,16.366667,59.083333
2020-07-05,0,20.116667,57.958333
2020-07-06,0,21.179167,59.375
2020-07-07,0,20.595833,54.041667
2020-07-08,0,20.295833,49.416667
2020-07-09,1,18.275,70.916667
2020-07-10,0,18.329167,56.208333
2020-07-11,0,20.166667,59.083333
2020-07-12,0,20.504167,55.958333
2020-07-13,0,20.0625,62.833333
2020-07-14,0,19.958333,69.958333
2020-07-15,0,18.583333,75.625
2020-07-16,0,18.145833,72.208333
2020-07-17,0,20.808333,58.041667
2020-07-18,0,19.833333,60.375
2020-07-19,0,18.633333,57.333333
2020-07-20,0,19.1375,51.458333
2020-07-21,0,19.291667,54.541667
2020-07-22,0,19.708333,54.541667
2020-07-23,0,19.9875,52.291667
2020-07-24,0,19.783333,48.625
2020-07-25,0,20.420833,47.833333
2020-07-26,0,19.5625,53.125
2020-07-27,0,20.266667,57.875
2020-07-28,0,20.129167,60.208333
2020-07-29,0,19.854167,61.291667
2020-07-30,0,16.441667,73.916667
2020-07-31,0,18.283333,65.291667
2020-08-01,0,18.3125,63.375
2020-08-02,0,18.154167,59.958333
2020-08-03,0,17.591667,54.416667
2020-08-04,0,17.816667,50.208333
2020-08-05,0,18.291667,49.333333
2020-08-06,0,17.745833,49.958333
2020-08-07,0,17.216667,49.5
2020-08-08,0,18.433333,51.791667
2020-08-09,0,19.291667,48.541667
2020-08-10,0,19.7125,45.583333
2020-08-11,0,20.0625,45.125
2020-08-12,0,22.0125,39.916667
2020-08-13,0,23.195833,43.25
2020-08-14,0,24.275,42.791667
2020-08-15,0,24.241667,46.208333
2020-08-16,0,20.183333,67.791667
2020-08-17,5,17.391667,82.958333
2020-08-18,6.4,19.7,71.416667
2020-08-19,0,23.091667,60.75
2020-08-20,0,17.579167,76.333333
2020-08-21,0,11.7375,87.708333
2020-08-22,7.6,11.383333,79.416667
2020-08-23,0,14.929167,61.583333
2020-08-24,0,16.291667,57.25
2020-08-25,0,16.583333,53.75
2020-08-26,0,17.604167,48.625
2020-08-27,0,20.1,42.416667
2020-08-28,0,21.895833,45.041667
2020-08-29,0,23.225,42.458333
2020-08-30,0,24.55,36.875
2020-08-31,0,23.7125,46.916667
2020-09-01,0,22.6,59.541667
2020-09-02,0,21.991667,55.916667
2020-09-03,0,23.358333,41.125
2020-09-04,0,24.120833,37.833333
2020-09-05,0,24.8625,30.958333
2020-09-06,0,24.5125,27.958333
2020-09-07,0,23.470833,32.041667
2020-09-08,0,24.725,35.375
2020-09-09,0,25.875,37.458333
2020-09-10,0,25.866667,36.958333
2020-09-11,0,25.566667,33.083333
2020-09-12,0,26.070833,31.208333
2020-09-13,0,26.283333,27.666667
2020-09-14,0,25.691667,26.833333
2020-09-15,0,23.0125,53.666667
2020-09-16,0,23.275,50.708333
2020-09-17,0,26.304167,32.083333
2020-09-18,0,24.9,47.208333
2020-09-19,0,25,46.583333
2020-09-20,.2,21.008333,66.458333
2020-09-21,0,17.979167,78.916667
2020-09-22,14.4,16.466667,81.375
2020-09-23,0,19.470833,71.25
2020-09-24,0,21.5125,61.125
2020-09-25,0,23.816667,49.458333
2020-09-26,0,25.716667,37.166667
2020-09-27,0,26.070833,34.291667
2020-09-28,0,26.175,48.416667
2020-09-29,14.6,26.508333,48.458333
2020-09-30,0,28.833333,37.166667
2020-10-01,0,29.275,33.458333
2020-10-02,0,29.520833,33.625
2020-10-03,0,29.066667,38.333333
2020-10-04,0,25.3875,60.291667
2020-10-05,0,27.316667,51.083333
2020-10-06,0,30.045833,33.291667
2020-10-07,0,30.225,30.583333
2020-10-08,0,25.120833,53.125
2020-10-09,.2,23.4875,62.708333
2020-10-10,.4,20.416667,62.916667
2020-10-11,0,20.975,42.666667
2020-10-12,0,23.025,49.083333
2020-10-13,0,26.020833,40.041667
2020-10-14,0,27.783333,35.166667
2020-10-15,6.2,20.333333,79.458333
2020-10-16,9.6,17.479167,79.916667
2020-10-17,0,20.020833,65.75
2020-10-18,0,22.358333,61.875
2020-10-19,0,22.7875,63.125
2020-10-20,15,20.070833,85.5
2020-10-21,1,21.629167,76
2020-10-22,2.2,23.0375,61.333333
2020-10-23,0,23.1625,62.583333
2020-10-24,.2,21.608333,73.458333
2020-10-25,8.6,22.4,72.583333
2020-10-26,4,22.645833,62.416667
2020-10-27,0,23.508333,61.708333
2020-10-28,0,24.2,49.208333
2020-10-29,0,23.066667,61.666667
2020-10-30,26.6,19.375,83.583333
2020-10-31,.2,18.85,73.208333
2020-11-01,0,17.716667,68.75
2020-11-02,0,17.770833,54.708333
2020-11-03,0,18.925,55.625
2020-11-04,0,20.129167,55.291667
2020-11-05,0,20.654167,54.458333
2020-11-06,0,21.386957,47.130435
2020-11-07,0,23.1375,48.833333
2020-11-08,0,26.8875,32.916667
2020-11-09,0,26.904167,40.458333
2020-11-10,6.6,22.283333,73.5
2020-11-11,0,23.6375,68.416667
2020-11-12,1,23.279167,72.291667
2020-11-13,25.4,22.258333,78.458333
2020-11-14,33.4,22.3375,71.333333
2020-11-15,0,24.7875,62.916667
2020-11-16,7,23.583333,71.708333
2020-11-17,0,23.7375,73.458333
2020-11-18,32.2,20.945833,83.625
2020-11-19,16.2,20.4625,85.416667
2020-11-20,.2,19.125,66.875
2020-11-21,0,20.741667,57.458333
2020-11-22,0,22.108333,58.333333
2020-11-23,0,22.558333,55
2020-11-24,0,23.625,58.666667
2020-11-25,0,25.016667,53.125
2020-11-26,0,23.970833,61.958333
2020-11-27,11.8,24.3,59.25
2020-11-28,0,25.004167,58.458333
2020-11-29,0,25.004167,56.791667
2020-11-30,0,25.591667,54.083333
2020-12-01,0,24.620833,65.625
2020-12-02,18.6,22.779167,76.833333
2020-12-03,0,23.3,69.625
2020-12-04,0,25.1625,63.041667
2020-12-05,0,24.125,73.791667
2020-12-06,4.4,21.933333,84.166667
2020-12-07,3.6,21.654167,86.416667
2020-12-08,13.4,22.441667,81.5
2020-12-09,0,21.729167,79.458333
2020-12-10,6.4,21.670833,70.25
2020-12-11,.2,20.970833,78.083333
2020-12-12,4.8,21.9,80.583333
2020-12-13,24.2,22.9625,79.125
2020-12-14,13,22.170833,83.583333
2020-12-15,4.6,23.4875,77.666667
2020-12-16,0,23.1875,75.75
2020-12-17,.4,23.8875,73.125
2020-12-18,48,24.079167,70.958333
2020-12-19,0,24.954167,68.416667
2020-12-20,.4,24.233333,73.041667
2020-12-21,0,25.020833,71.916667
2020-12-22,6.4,23.129167,83.333333
2020-12-23,2.4,23.129167,77.25
2020-12-24,1,22.929167,72.083333
2020-12-25,1.2,21.720833,76.291667
2020-12-26,10.2,21.620833,77.916667
2020-12-27,3.6,21.133333,86.791667
2020-12-28,38.6,21.175,81.541667
2020-12-29,2,21.5375,82.083333
2020-12-30,28.6,21.758333,80.541667
2020-12-31,16.8,20.458333,89
2021-01-01,27.6,21.275,83.625
2021-01-02,.8,21.6625,81.291667
2021-01-03,15.2,22.0375,76.25
2021-01-04,1,22.095833,71.791667
2021-01-05,0,23.55,69.75
2021-01-06,0,24.070833,71.791667
2021-01-07,0,24.125,75.166667
2021-01-08,4.6,23.079167,79.083333
2021-01-09,.4,24.625,74.833333
2021-01-10,1.6,23.4,83.125
2021-01-11,80.6,23.704167,82.333333
2021-01-12,8,23.754167,83
2021-01-13,0,23.4375,82.916667
2021-01-14,14.2,21.904167,86.083333
2021-01-15,8.8,20.7,88
2021-01-16,8.2,22.2,81.875
2021-01-17,0,22.166667,83.5
2021-01-18,1,23.308333,79.25
2021-01-19,19.4,23.9,77.833333
2021-01-20,.2,25.016667,68.958333
2021-01-21,0,24.954167,62.625
2021-01-22,0,24.991667,60.708333
2021-01-23,0,24.991667,61.75
2021-01-24,0,24.495833,64.708333
2021-01-25,0,24.475,64.75
2021-01-26,1.4,23.795833,68.166667
2021-01-27,3.8,24.379167,70.875
2021-01-28,4.6,23.466667,74.25
2021-01-29,0,24.595833,67.375
2021-01-30,0,25.75,60.375
2021-01-31,0,24.6125,69.166667
2021-02-01,1.4,23.541667,69.75
2021-02-02,0,23.570833,76.125
2021-02-03,15.8,24.8125,68.958333
2021-02-04,0,24.720833,76.333333
2021-02-05,.2,24.495833,78.916667
2021-02-06,1.6,23.820833,67.583333
2021-02-07,0,22.3875,62.708333
2021-02-08,0,21.420833,66.875
2021-02-09,0,21.683333,68.041667
2021-02-10,14.8,21.425,73.916667
2021-02-11,6.4,19.704167,85
2021-02-12,12.4,20.7875,83.625
2021-02-13,30.8,20.754167,89.833333
2021-02-14,23.2,20.8625,85.708333
2021-02-15,9.6,21.720833,80.166667
2021-02-16,.2,23.2625,74.583333
2021-02-17,0,22.6125,77.958333
2021-02-18,5.4,23.275,75.291667
2021-02-19,0,24.5875,58
2021-02-20,0,23.870833,62.375
2021-02-21,0,23.525,73.083333
2021-02-22,3.8,24.275,68.75
2021-02-23,0,24.720833,62.625
2021-02-24,0,24.483333,64.5
2021-02-25,10.6,21.908333,78.916667
2021-02-26,2.6,21.254167,81.458333
2021-02-27,7,20.704167,82.625
2021-02-28,0,22.275,75.583333
2021-03-01,0,22.845833,74.333333
2021-03-02,0,23.85,66.666667
2021-03-03,0,22.8,72.5
2021-03-04,0,22.216667,79.291667
2021-03-05,3,20.504167,90.458333
2021-03-06,38.6,21.033333,88.375
2021-03-07,6,20.116667,93
2021-03-08,81.4,20.979167,82
2021-03-09,.2,22.145833,76.958333
2021-03-10,1.4,22.1,62.125
2021-03-11,.4,22.658333,74.375
2021-03-12,2.2,23.558333,67.625
2021-03-13,0,24.0125,61.083333
2021-03-14,0,23.3625,69.25
2021-03-15,1.6,22.104167,76.541667
2021-03-16,9.2,23.958333,69.416667
2021-03-17,0,23.8125,72
2021-03-18,12,20.608333,85.75
2021-03-19,5.2,23.145833,74.541667
2021-03-20,0,24.229167,68.25
2021-03-21,0,24.275,63.791667
2021-03-22,0,23.508333,63.833333
2021-03-23,0,24.358333,67.875
2021-03-24,0,25.1875,65.291667
2021-03-25,0,25.1125,64.416667
2021-03-26,0,25.2875,64.75
2021-03-27,0,25.3,62.916667
2021-03-28,0,25.183333,60.5
2021-03-29,0,23.891667,68.583333
2021-03-30,0,25.058333,60.083333
2021-03-31,0,22.475,64.75
2021-04-01,0,20.733333,58.458333
2021-04-02,0,20.716667,61.458333
2021-04-03,0,21.6875,64.583333
2021-04-04,0,21.866667,69.291667
2021-04-05,0,21.420833,67.708333
2021-04-06,5.6,20.5625,76
2021-04-07,.2,21.279167,74.625
2021-04-08,0,21.354167,67.291667
2021-04-09,0,21.2625,58.333333
2021-04-10,0,20.475,59.416667
2021-04-11,0,21.045833,56.416667
2021-04-12,0,21.4,55.5
2021-04-13,0,21.1,75.375
2021-04-14,0,20.008333,69.833333
2021-04-15,0,20.979167,67.875
2021-04-16,.2,21.916667,64.375
2021-04-17,0,21.783333,64.791667
2021-04-18,3.8,19.658333,81.541667
2021-04-19,1,19.079167,76.125
2021-04-20,0,18.683333,75.375
2021-04-21,0,18.583333,70.083333
2021-04-22,0,18.791667,72.416667
2021-04-23,0,18.670833,64.5
2021-04-24,0,20.1,59.875
2021-04-25,0,20.895833,60.916667
2021-04-26,0,22.304167,60.791667
2021-04-27,0,21,66.166667
2021-04-28,0,20.691667,62.125
2021-04-29,0,18.295833,66.583333
2021-04-30,0,18.625,66.458333
2021-05-01,0,19.258333,63.416667
2021-05-02,0,19.2375,57.791667
2021-05-03,0,19,60
2021-05-04,0,20.070833,57.375
2021-05-05,0,20.275,57.541667
2021-05-06,0,20.391667,54.583333
2021-05-07,0,20.35,67.25
2021-05-08,0,18.5875,70.208333
2021-05-09,0,19.045833,69.333333
2021-05-10,0,19.416667,66.833333
2021-05-11,0,20.095833,63.041667
2021-05-12,0,19.741667,68
2021-05-13,0,17.479167,76.916667
2021-05-14,0,17.970833,71.291667
2021-05-15,0,18.745833,73.583333
2021-05-16,.2,18.841667,73.333333
2021-05-17,0,18.504167,67.75
2021-05-18,0,17.879167,65.75
2021-05-19,0,18.520833,61.291667
2021-05-20,0,18.45,59.416667
2021-05-21,0,18.566667,55.166667
2021-05-22,.6,17.583333,70.625
2021-05-23,16.8,17.129167,91.458333
2021-05-24,.4,14.9375,62.625
2021-05-25,0,15.3375,55.5
2021-05-26,0,18.6125,52.875
2021-05-27,0,19.808333,60.125
2021-05-28,0,21.791667,59.791667
2021-05-29,0,22.904167,65.375
2021-05-30,0,19.841667,74.25
2021-05-31,3.4,18.7,68.041667
2021-06-01,0,18.554167,69.083333
2021-06-02,0,19.633333,65.25
2021-06-03,0,20.008333,61.666667
2021-06-04,0,21.045833,54.291667
2021-06-05,0,20.2625,57.208333
2021-06-06,0,20.520833,58.416667
2021-06-07,0,20.145833,70.333333
2021-06-08,.4,17.9,80.166667
2021-06-09,0,20.229167,69.416667
2021-06-10,0,17.808333,83.708333
2021-06-11,45.4,16.8,86.5
2021-06-12,.2,16.466667,77.791667
2021-06-13,0,15.854167,69.583333
2021-06-14,0,16.8,66.583333
2021-06-15,0,17.795833,64.166667
2021-06-16,0,16.929167,69.583333
2021-06-17,0,15.845833,68.291667
2021-06-18,0,16.8875,66.291667
2021-06-19,0,19.341667,56.125
2021-06-20,0,18.975,64.791667
2021-06-21,0,16.820833,70.583333
2021-06-22,0,17.275,77
2021-06-23,1.4,17.070833,75.375
2021-06-24,0,17.520833,68.875
2021-06-25,0,20.108333,62.416667
2021-06-26,0,20.75,59.041667
2021-06-27,0,19.708333,56.791667
2021-06-28,0,17.875,58.666667
2021-06-29,0,11.7625,83.166667
2021-06-30,0,9.431818,53.636364
2021-07-01,0,12.1625,49.291667
2021-07-02,0,16.125,52.958333
2021-07-03,0,17.445833,54.25
2021-07-04,0,16.475,61.125
2021-07-05,0,16.295833,59.416667
2021-07-06,0,15.908333,60.291667
2021-07-07,0,15.9875,57.791667
2021-07-08,0,15.754167,61.916667
2021-07-09,0,17.15,52.166667
2021-07-10,0,17.704167,49.833333
2021-07-11,0,17.2625,51.333333
2021-07-12,0,17.3375,49.708333
2021-07-13,0,17.641667,48.166667
2021-07-14,0,17.775,50.833333
2021-07-15,0,18.591667,51.583333
2021-07-16,0,19.791667,49.125
2021-07-17,0,19.529167,64.125
2021-07-18,.4,18.354167,62.791667
2021-07-19,0,11.333333,40.166667
2021-07-20,NA,NA,27.444444
2021-07-21,0,16.9875,34.583333
2021-07-22,0,19.054167,29.416667
2021-07-23,0,18.6,40.416667
2021-07-24,0,18.654167,44.208333
2021-07-25,0,18.725,43.375
2021-07-26,0,19.858333,39.375
2021-07-27,0,20.866667,38.833333
2021-07-28,2,14.908333,86.333333
2021-07-29,5.8,8.221739,69.086957
2021-07-30,NA,NA,47.47619
2021-07-31,0,12.85,58.208333
2021-08-01,0,16.575,50.958333
2021-08-02,0,17.808333,54.375
2021-08-03,0,16.141667,61.708333
2021-08-04,0,15.3125,66.875
2021-08-05,0,16.570833,58.958333
2021-08-06,0,18.733333,55
2021-08-07,0,19.3125,53.166667
2021-08-08,0,19.55,47.666667
2021-08-09,0,19.4625,46.083333
2021-08-10,0,18.870833,46.958333
2021-08-11,0,19.5875,43
2021-08-12,0,18.291667,64.916667
2021-08-13,0,18.479167,66.208333
2021-08-14,0,19.304167,64.458333
2021-08-15,0,21.7875,51.708333
2021-08-16,0,22.470833,45.791667
2021-08-17,0,21.6625,51.416667
2021-08-18,0,24.1,41.875
2021-08-19,0,23.691667,36
2021-08-20,0,22.779167,36.875
2021-08-21,0,21.35,37.625
2021-08-22,0,21.870833,37.041667
2021-08-23,0,23.2625,34.541667
2021-08-24,0,23.966667,35.541667
2021-08-25,0,25.0125,32.041667
2021-08-26,0,25.220833,32.833333
2021-08-27,0,20.329167,63.583333
2021-08-28,2,15.504167,84.958333
2021-08-29,.6,18.045833,76.5
2021-08-30,0,19.525,65.291667
2021-08-31,0,19.929167,56.833333
2021-09-01,0,20.066667,54.791667
2021-09-02,0,21.05,49.666667
2021-09-03,0,22.458333,43.083333
2021-09-04,0,24.079167,33.541667
2021-09-05,0,26.141667,27.25
2021-09-06,0,25.7125,33.166667
2021-09-07,0,24.2375,49
2021-09-08,0,27.358333,35.416667
2021-09-09,0,24.9375,53.041667
2021-09-10,0,22.4625,69.875
2021-09-11,0,22.054167,61.75
2021-09-12,1.4,24.495833,51.166667
2021-09-13,0,27.529167,35.5
2021-09-14,0,27.204167,30.333333
2021-09-15,0,23.2375,62.833333
2021-09-16,0,22.154167,67.708333
2021-09-17,0,23.65,58.708333
2021-09-18,0,26.4875,46.208333
2021-09-19,0,28.4375,37.125
2021-09-20,0,28.570833,36.958333
2021-09-21,0,28.895833,34.708333
2021-09-22,0,18.108333,61.833333
2021-09-23,0,19.425,51.083333
2021-09-24,0,22.858333,48.583333
2021-09-25,0,23.975,48.708333
2021-09-26,.4,22.245833,61.25
2021-09-27,.6,22.554167,56.083333
2021-09-28,0,25.541667,43.958333
2021-09-29,0,26.5875,37.833333
2021-09-30,0,24.029167,55.083333
2021-10-01,0,23.404167,58.958333
2021-10-02,2.8,19.7625,77.375
2021-10-03,.4,22.5625,65.166667
2021-10-04,11.4,23.241667,69.583333
2021-10-05,.6,23.333333,70.041667
2021-10-06,0,23.908333,63.916667
2021-10-07,0,21.379167,74.208333
2021-10-08,0,21.604167,63.916667
2021-10-09,0,22.329167,65.333333
2021-10-10,19.6,18.2,87.666667
2021-10-11,1.6,19.6125,81.916667
2021-10-12,.4,21.529167,66.291667
2021-10-13,0,22.808333,59.666667
2021-10-14,0,22.020833,66.166667
2021-10-15,14.4,23.229167,67.75
2021-10-16,17.6,22.004167,80.458333
2021-10-17,10.2,21.8875,75.333333
2021-10-18,.8,19.05,84.458333
2021-10-19,5.6,17.758333,83.375
2021-10-20,12,16.404167,79
2021-10-21,0,18.029167,67.416667
2021-10-22,0,20.841667,55.875
2021-10-23,0,24.3375,43.833333
2021-10-24,30.4,20.829167,73.291667
2021-10-25,2,21.066667,72.916667
2021-10-26,0,22.470833,72.833333
2021-10-27,1.2,21.7,83.916667
2021-10-28,39,21.841667,79.958333
2021-10-29,0,22.6375,70.916667
2021-10-30,0,22.666667,66.416667
2021-10-31,1.6,19.391667,86.833333
2021-11-01,5.4,20.4625,78.833333
2021-11-02,0,21.6875,69.583333
2021-11-03,0,22.616667,62.625
2021-11-04,0,24.225,54.5
2021-11-05,0,26.3875,44.833333
2021-11-06,0,26.191667,44.666667
2021-11-07,0,25.025,50.541667
2021-11-08,0,23.941667,58.375
2021-11-09,0,23.633333,66.875
2021-11-10,.4,21.375,76.666667
2021-11-11,27.2,18.716667,86.333333
2021-11-12,0,18.9125,75.25
2021-11-13,0,18.208333,60.5
2021-11-14,0,20.383333,59.291667
2021-11-15,0,22.416667,54.75
2021-11-16,0,23.145833,50.833333
2021-11-17,0,25.0125,49.625
2021-11-18,3.6,21.204167,86.625
2021-11-19,67.4,21.183333,91.25
2021-11-20,4.8,21.2125,73.125
2021-11-21,0,20.654167,69.041667
2021-11-22,0,23.0875,54.875
2021-11-23,0,24.866667,35.75
2021-11-24,0,24.995833,44.75
2021-11-25,0,25.704167,53.208333
2021-11-26,28,20.445833,86.333333
2021-11-27,13.8,22.966667,70.208333
2021-11-28,0,23.5375,56.208333
2021-11-29,0,23.645833,65.958333
2021-11-30,28.8,20.733333,91.5
2021-12-01,19,23.616667,74.916667
2021-12-02,0,23.8375,66.916667
2021-12-03,0,23.0625,67.166667
2021-12-04,0,23.020833,63.916667
2021-12-05,0,21.770833,76.25
2021-12-06,22,22.266667,73.416667
2021-12-07,.2,20.333333,70.5
2021-12-08,0,19.2375,65.916667
2021-12-09,0,19.995833,62.041667
2021-12-10,0,21.795833,53.375
2021-12-11,0,24.133333,41.958333
2021-12-12,0,24.175,59.166667
2021-12-13,.6,23.716667,77
2021-12-14,44.2,22.4625,85.875
2021-12-15,30.2,21.041667,93.416667
2021-12-16,19.8,22.5125,85.75
2021-12-17,2,22.116667,87.708333
2021-12-18,7.4,22.3875,81.5
2021-12-19,.6,21.8375,69.333333
2021-12-20,0,22.1125,67.5
2021-12-21,0,24.175,63.166667
2021-12-22,0,25.166667,62.416667
2021-12-23,9.4,22.320833,73.125
2021-12-24,0,20.375,63.958333
2021-12-25,0,21.5625,63.708333
2021-12-26,0,24.016667,57.916667
2021-12-27,0,24.066667,62.541667
2021-12-28,5.6,21.775,73.75
2021-12-29,12.2,21.854167,77.083333
2021-12-30,9.6,19.6625,89.666667
2021-12-31,11.2,20.204167,88.041667
2022-01-01,10.4,21.408333,84.916667
2022-01-02,.6,22.175,81.375
2022-01-03,.4,22.933333,82.083333
2022-01-04,2.8,21.7,89.25
2022-01-05,14.6,21.379167,91.708333
2022-01-06,11.4,21.820833,86.083333
2022-01-07,56.8,20.35,86.25
2022-01-08,.6,21.029167,77.583333
2022-01-09,0,19.175,82.291667
2022-01-10,.2,19.629167,84.458333
2022-01-11,.2,20.679167,86.666667
2022-01-12,22.2,21.754167,83
2022-01-13,.2,23.891667,74.875
2022-01-14,0,24.520833,68.625
2022-01-15,0,24.454167,70.375
2022-01-16,10.6,20.979167,82.958333
2022-01-17,1.4,22.683333,76.541667
2022-01-18,4.8,23.058333,78.666667
2022-01-19,1,23.754167,71.458333
2022-01-20,.8,24.208333,68.25
2022-01-21,0,26.0125,60.75
2022-01-22,0,25.85,62.916667
2022-01-23,0,26.275,56.916667
2022-01-24,0,25.770833,61.541667
2022-01-25,0,25.070833,68.791667
2022-01-26,0,24.391667,73.75
2022-01-27,9.2,24.054167,74.458333
2022-01-28,0,22.920833,79.5
2022-01-29,16.6,20.325,93
2022-01-30,21.4,19.420833,94.333333
2022-01-31,51.8,19.966667,92.541667
2022-02-01,24.8,20.5125,92.708333
2022-02-02,13.8,21.354167,89.333333
2022-02-03,18,21.204167,90.166667
2022-02-04,37.2,22.620833,81.875
2022-02-05,.2,22.841667,84.416667
2022-02-06,26,22.195833,86.75
2022-02-07,10.6,21.333333,91.625
2022-02-08,22.6,22.583333,74.5
2022-02-09,0,21.9125,69.875
2022-02-10,0,22.3375,70.583333
2022-02-11,0,21.808333,79.041667
2022-02-12,1.2,22.904167,73.416667
2022-02-13,0,23.825,69.541667
2022-02-14,0,25.016667,63.083333
2022-02-15,0,23.208333,75.583333
2022-02-16,12.6,21.904167,79
2022-02-17,14.6,21.883333,77.583333
2022-02-18,0,21.391667,79.416667
2022-02-19,0,21.570833,74.666667
2022-02-20,0,22.754167,72.75
2022-02-21,0,23.55,72.5
2022-02-22,4.2,24.033333,74.333333
2022-02-23,0,24.941667,67.458333
2022-02-24,0,24.066667,76.083333
2022-02-25,NA,NA,NA
2022-02-26,NA,NA,NA
2022-02-27,NA,NA,NA
2022-02-28,NA,NA,NA
2022-03-01,NA,NA,NA
2022-03-02,NA,NA,NA
2022-03-03,0,25.541667,62.583333
2022-03-04,NA,NA,NA
2022-03-05,NA,NA,NA
2022-03-06,NA,NA,NA
2022-03-07,1,NA,63.736842
2022-03-08,NA,NA,NA
2022-03-09,NA,NA,NA
2022-03-10,NA,NA,NA
2022-03-11,NA,23.991667,69.208333
2022-03-12,NA,NA,NA
2022-03-13,NA,NA,NA
2022-03-14,NA,21.695833,87.416667
2022-03-15,8.6,22.625,82.041667
2022-03-16,NA,NA,85.666667
2022-03-17,8.2,24.041667,76.375
2022-03-18,0,25.0625,70.75
2022-03-19,49,23.883333,78.958333
2022-03-20,NA,NA,77.769231
2022-03-21,NA,20.570833,72.25
2022-03-22,NA,NA,68.333333
2022-03-23,0,22.370833,66.666667
2022-03-24,NA,NA,NA
2022-03-25,NA,NA,NA
2022-03-26,NA,NA,NA
2022-03-27,NA,NA,NA
2022-03-28,NA,NA,NA
2022-03-29,NA,NA,NA
2022-03-30,NA,NA,NA
2022-03-31,NA,NA,NA
2022-04-01,NA,NA,NA
2022-04-02,NA,NA,NA
2022-04-03,NA,NA,NA
2022-04-04,NA,NA,73.153846
2022-04-05,NA,NA,83.333333
2022-04-06,NA,NA,NA
2022-04-07,NA,NA,NA
2022-04-08,NA,NA,NA
2022-04-09,NA,NA,NA
2022-04-10,NA,NA,NA
2022-04-11,NA,NA,NA
2022-04-12,NA,NA,NA
2022-04-13,NA,NA,NA
2022-04-14,NA,NA,NA
2022-04-15,NA,NA,69.315789
2022-04-16,NA,NA,62.1
2022-04-17,NA,NA,63
2022-04-18,NA,NA,NA
2022-04-19,NA,NA,NA
2022-04-20,NA,NA,NA
2022-04-21,NA,NA,NA
2022-04-22,NA,20.7375,61.5
2022-04-23,NA,NA,NA
2022-04-24,NA,NA,NA
2022-04-25,NA,NA,NA
2022-04-26,NA,NA,NA
2022-04-27,NA,NA,NA
2022-04-28,NA,NA,NA
2022-04-29,NA,NA,NA
2022-04-30,NA,NA,NA
2022-05-01,NA,NA,NA
2022-05-02,NA,NA,NA
2022-05-03,NA,NA,NA
2022-05-04,NA,NA,NA
2022-05-05,NA,14.620833,76.625
2022-05-06,0,17.669565,72.782609
2022-05-07,0,17.547826,75.521739
2022-05-08,0,18.617391,77.347826
2022-05-09,0,19.513043,74.608696
2022-05-10,0,19.575,69.375
2022-05-11,5.4,18.525,81.416667
2022-05-12,1,19.120833,79.458333
2022-05-13,0,18.195652,75.304348
2022-05-14,0,19.395833,71.75
2022-05-15,20.8,18.425,86.125
2022-05-16,0,18.5125,81.625
2022-05-17,0,12.882609,68.347826
2022-05-18,0,7.8375,75.75
2022-05-19,0,9.133333,80.166667
2022-05-20,0,10.921739,69.434783
2022-05-21,0,11.8875,62.291667
2022-05-22,0,14.575,58
2022-05-23,0,16.541667,56.791667
2022-05-24,0,18.291304,56.26087
2022-05-25,0,17.629167,59.416667
2022-05-26,0,17.879167,62.916667
2022-05-27,0,17.769565,63
2022-05-28,0,17.578261,62.652174
2022-05-29,0,19.568182,58.363636
2022-05-30,0,22.025,54.958333
2022-05-31,26.8,19.754167,85.666667
2022-06-01,1.2,19.770833,79.958333
2022-06-02,0,20.920833,70.083333
2022-06-03,0,18.9125,80.541667
2022-06-04,0,17.2,74.75
2022-06-05,0,18.266667,73.25
2022-06-06,0,18.895833,68.25
2022-06-07,0,18.925,67.916667
2022-06-08,3.6,18.7875,84.25
2022-06-09,20.4,18.129167,90.666667
2022-06-10,1.6,17.791304,88.782609
2022-06-11,3.6,16.358333,82.875
2022-06-12,0,13.056522,71.869565
2022-06-13,0,12.7125,60.083333
2022-06-14,0,13.154167,66.75
2022-06-15,0,17.679167,53.875
2022-06-16,0,17.975,60.125
2022-06-17,0,18.55,54.583333
2022-06-18,6,17.3875,85.375
2022-06-19,.2,15.975,86.125
2022-06-20,.2,17.675,79.166667
2022-06-21,.4,19.558333,71.583333
2022-06-22,0,20.6875,57.75
2022-06-23,0,19.965217,50.521739
2022-06-24,0,17.625,57
2022-06-25,0,17.866667,62.416667
2022-06-26,0,16.733333,74.75
2022-06-27,0,16.5125,74.333333
2022-06-28,0,17.9375,67.791667
2022-06-29,0,17.708333,69.291667
2022-06-30,0,17.204167,65.083333
2022-07-01,0,16.1875,64.166667
2022-07-02,0,19.4375,60.208333
2022-07-03,0,19.808333,59.416667
2022-07-04,0,18.4625,60.041667
2022-07-05,0,18.2625,53.458333
2022-07-06,0,17.195833,59.083333
2022-07-07,NA,NA,51.761905
2022-07-08,0,19.109091,55.045455
2022-07-09,0,18.254167,55.25
2022-07-10,0,18.9375,56.458333
2022-07-11,0,19.308333,52.375
2022-07-12,0,19.708333,53.5
2022-07-13,0,19.466667,62.875
2022-07-14,0,19.725,62.541667
2022-07-15,0,20.416667,53.083333
2022-07-16,0,20.379167,56.041667
2022-07-17,0,22.433333,48.75
2022-07-18,0,21.954167,57.291667
2022-07-19,0,20.5125,64.166667
2022-07-20,0,20.6,62.791667
2022-07-21,0,20.0375,59.208333
2022-07-22,0,19.3125,53.625
2022-07-23,0,18.991667,51.625
2022-07-24,0,19.579167,50
2022-07-25,0,19.820833,52.416667
2022-07-26,0,19.229167,55.791667
2022-07-27,0,19.4,59.541667
2022-07-28,0,19.341667,54.166667
2022-07-29,0,18.858333,55.791667
2022-07-30,0,17.291667,56.083333
2022-07-31,0,17.770833,51.375
2022-08-01,0,20.5125,46.25
2022-08-02,0,21.941667,39.708333
2022-08-03,0,22.2375,41.125
2022-08-04,0,22.270833,42.875
2022-08-05,0,22.445833,47.291667
2022-08-06,0,21.2625,61
2022-08-07,0,21.141667,57.083333
2022-08-08,9.4,17.4,81.541667
2022-08-09,1.6,18.125,85.625
2022-08-10,27,13.5625,78.916667
2022-08-11,0,12.370833,74.125
2022-08-12,0,15.720833,63.291667
2022-08-13,0,18.945833,49.625
2022-08-14,0,20.329167,49.25
2022-08-15,0,21.1375,43.708333
2022-08-16,0,22.779167,38.083333
2022-08-17,0,19.7625,62.208333
2022-08-18,0,20.516667,57.416667
2022-08-19,0,14.170833,78.125
2022-08-20,0,12.754167,72.291667
2022-08-21,0,16.358333,68.291667
2022-08-22,0,17.870833,63
2022-08-23,0,18.6125,56.583333
2022-08-24,0,19.9125,56.833333
2022-08-25,0,21.891667,42.458333
2022-08-26,0,22.0875,41
2022-08-27,0,22.558333,40.833333
2022-08-28,0,22.475,43.75
2022-08-29,0,16.1875,68.958333
2022-08-30,0,14.2625,63.125
2022-08-31,0,16.845833,56.791667
2022-09-01,0,19.1125,41.5
2022-09-02,0,21.3875,35.25
2022-09-03,0,23.3125,37.916667
2022-09-04,0,16.158333,70.333333
2022-09-05,0,17.55,65.708333
2022-09-06,0,17.825,73
2022-09-07,21.2,16.975,79.708333
2022-09-08,.8,22.2625,49.75
2022-09-09,0,25.7,37.375
2022-09-10,0,25.795833,36.583333
2022-09-11,0,20.733333,64.5
2022-09-12,0,20.158333,68.5
2022-09-13,.8,23.270833,57.875
2022-09-14,9.4,19.491667,78.291667
2022-09-15,6.4,17.579167,78.791667
2022-09-16,.2,16.241667,78.625
2022-09-17,0,15.866667,63.458333
2022-09-18,0,17.895833,54.916667
2022-09-19,0,21.579167,53.875
2022-09-20,0,21.591667,66
2022-09-21,7.8,19.8625,82
2022-09-22,16.6,18.995833,91.583333
2022-09-23,3.6,17.183333,67.583333
2022-09-24,0,17.591667,44.666667
2022-09-25,0,20.604167,55.875
2022-09-26,0,18.479167,77.541667
2022-09-27,17.8,19.433333,81.125
2022-09-28,1,16.766667,92.083333
2022-09-29,9.8,16.704167,80.291667
2022-09-30,0,16.225,83.916667
2022-10-01,4.4,21.033333,71.875
2022-10-02,0,22.504167,66.416667
2022-10-03,0,21.245833,65.875
2022-10-04,0,22.291667,64.375
2022-10-05,0,22.979167,61.708333
2022-10-06,0,24.783333,53.583333
2022-10-07,28.8,20.129167,80.5
2022-10-08,1,19.433333,61.333333
2022-10-09,0,20.779167,67.666667
2022-10-10,3.8,18.629167,89.958333
2022-10-11,5.6,22.8375,68.5
2022-10-12,0,22.420833,66.583333
2022-10-13,.2,24.175,56.166667
2022-10-14,0,24.2375,55.833333
2022-10-15,0,21.375,68.666667
2022-10-16,0,22.704167,64.291667
2022-10-17,1.6,23.991667,56.75
2022-10-18,0,21.079167,71.583333
2022-10-19,5.8,19.5,81.583333
2022-10-20,2.2,22.091667,69.25
2022-10-21,28,20.754167,82.291667
2022-10-22,0,22.804167,68.375
2022-10-23,0,22.391667,59.291667
2022-10-24,0,23.333333,58.458333
2022-10-25,0,22.170833,59.708333
2022-10-26,0,23.3125,56.125
2022-10-27,0,24.2,59.541667
2022-10-28,.8,23.158333,64.916667
2022-10-29,0,24.8625,57.416667
2022-10-30,31.2,22.870833,74.208333
2022-10-31,7,21.204167,85.875
2022-11-01,4.8,19.416667,78.958333
2022-11-02,0,14.766667,78.333333
2022-11-03,0,14.9875,69.75
2022-11-04,0,16.204167,59.875
2022-11-05,0,17.258333,61.708333
2022-11-06,0,17.6125,64.25
2022-11-07,.6,18.9375,59.041667
2022-11-08,0,19.604167,52.083333
2022-11-09,0,21.829167,54
2022-11-10,0,23.5875,55.583333
2022-11-11,0,22.608333,62.708333
2022-11-12,18.8,23.316667,64.333333
2022-11-13,0,24.075,61.583333
2022-11-14,42.2,23.204167,71
2022-11-15,0,24.3875,58.041667
2022-11-16,0,24.054167,53.541667
2022-11-17,0,21.908333,50
2022-11-18,0,21.816667,58.916667
2022-11-19,0,20.9125,63.791667
2022-11-20,0,22.4375,63.666667
2022-11-21,0,23.9625,62.291667
2022-11-22,8.8,22.6625,70.208333
2022-11-23,6,22.225,74.625
2022-11-24,16.2,21.6125,73.791667
2022-11-25,0,20.866667,67.208333
2022-11-26,0,20.629167,64.208333
2022-11-27,0,22.0375,63.041667
2022-11-28,0,20.220833,78.666667
2022-11-29,2.4,20.070833,80.958333
2022-11-30,33.8,19.758333,84.416667
2022-12-01,11.2,22.3375,76.458333
2022-12-02,0,23.441667,73.416667
2022-12-03,7.6,22.616667,79
2022-12-04,0,21.841667,84.583333
2022-12-05,3.2,21.091667,87.541667
2022-12-06,13.8,20.970833,89.333333
2022-12-07,15.6,22.2125,85.166667
2022-12-08,2.6,23.9,65.041667
2022-12-09,0,25.379167,46.75
2022-12-10,0,26.641667,52.666667
2022-12-11,0,24.429167,69.916667
2022-12-12,1.4,22.341667,87.5
2022-12-13,22.6,20.420833,94.791667
2022-12-14,41.4,20.741667,68.833333
2022-12-15,0,22.004167,66.333333
2022-12-16,0,21.7875,77
2022-12-17,19.6,22.129167,70.166667
2022-12-18,0,22.779167,66.208333
2022-12-19,0,21.2125,79.458333
2022-12-20,2.2,21.2,86.25
2022-12-21,60.8,20.070833,76.458333
2022-12-22,0,19.9375,72.458333
2022-12-23,0,19.825,77.791667
2022-12-24,39,22.229167,72.083333
2022-12-25,0,23.133333,72.416667
2022-12-26,53.8,20.245833,91.875
2022-12-27,11.6,21.725,86.458333
2022-12-28,101.8,19.991667,94.541667
2022-12-29,102,20.8375,85.875
2022-12-30,0,22.5875,80.458333
2022-12-31,0,22.233333,82
2023-01-01,2.2,23.333333,75.625
2023-01-02,.4,23.1375,76.5
2023-01-03,1,21.1125,87.333333
2023-01-04,11,20.4375,90.416667
2023-01-05,29.6,18.425,93.5
2023-01-06,6,18.379167,82.5
2023-01-07,0,18.958333,78
2023-01-08,0,19.2875,82.875
2023-01-09,4.4,20.2,90.583333
2023-01-10,29,21.5,84.791667
2023-01-11,19.4,20.6625,88.583333
2023-01-12,14.8,21.729167,83.541667
2023-01-13,.2,22.254167,84.041667
2023-01-14,8,22.479167,83.041667
2023-01-15,0,24.291667,75.541667
2023-01-16,.8,23.008333,80.083333
2023-01-17,18,23.091667,81.125
2023-01-18,5,23.583333,73.125
2023-01-19,0,22.025,80
2023-01-20,6,20.629167,88.208333
2023-01-21,32.2,21.058333,87.916667
2023-01-22,1.2,22.929167,81.041667
2023-01-23,0,22.529167,82.5
2023-01-24,26.4,22.466667,81.291667
2023-01-25,5.6,24.0375,68.5
2023-01-26,0,24.579167,64.416667
2023-01-27,0,23.716667,68.75
2023-01-28,.8,21.954167,86.833333
2023-01-29,7.2,21.495833,86.708333
2023-01-30,18.2,20.691667,88.708333
2023-01-31,29,22.5375,79.333333